,v,diff,date,dt,event,time_elapsed,pos
0,10129,0.005349649747240599,2020-02-05 06:32:19.636252,2.7320039200000004,1,0.0,0
1,2576,0.009237940984936249,2020-02-05 06:37:40.303524,3.2066727200000003,1,3.2066727200000003,0
2,2806,0.000838195993495605,2020-02-05 06:43:46.193643,3.6589011900000004,0,6.86557391,0
3,2608,0.0023837913552761975,2020-02-05 06:47:35.544412,2.29350769,1,9.1590816,1
4,4695,0.0022547923870890937,2020-02-05 06:53:09.996697,3.34452285,1,12.503604450000001,0
5,4700,0.00553127214200216,2020-02-05 06:56:45.911810,2.1591511299999997,1,14.66275558,1
6,10477,0.00301911261927549,2020-02-05 07:04:13.867186,4.47955376,1,19.14230934,0
7,4111,0.0017385149737920904,2020-02-05 07:06:04.175803,1.10308617,1,20.24539551,0
8,2200,0.000870392214972619,2020-02-05 07:14:39.872261,5.15696458,0,25.402360090000002,0
9,4616,0.0017107539557516427,2020-02-05 07:15:35.417020,0.55544759,1,25.957807680000002,0
10,4300,0.0,2020-02-05 07:24:22.871870,5.2745485,0,31.232356180000004,0
11,4100,0.00401398959250888,2020-02-05 07:27:48.243798,2.05371928,1,33.286075460000006,0
12,4578,0.0022679420056408075,2020-02-05 07:32:34.271364,2.8602756599999997,1,36.146351120000006,1
13,5903,0.0029817873910921093,2020-02-05 07:35:38.961328,1.84689964,1,37.99325076,0
14,5006,0.0005840932119202871,2020-02-05 07:42:47.622587,4.28661259,0,42.27986335,1
15,3300,0.000259554864866358,2020-02-05 07:46:30.231082,2.22608495,0,44.5059483,0
16,1400,0.0010388936717788302,2020-02-05 07:50:58.432789,2.68201707,0,47.18796537,0
17,3710,0.0004546487916459021,2020-02-05 07:58:49.724329,4.7129154,0,51.90088077,1
18,2600,0.003241493924171023,2020-02-05 08:04:16.655589,3.2693126,1,55.17019337,1
19,5215,0.0018752632479859855,2020-02-05 08:09:12.026717,2.95371128,1,58.12390465,1
20,4280,6.460574347301093e-05,2020-02-05 08:10:16.003069,0.63976352,0,58.76366817,0
21,5817,0.00038757186713432416,2020-02-05 08:15:16.446687,3.0044361800000003,0,61.76810435,1
22,4200,0.0018746571313220267,2020-02-05 08:21:40.594025,3.84147338,1,65.60957773,0
23,3300,0.0009054456704480793,2020-02-05 08:28:00.085592,3.79491567,0,69.40449339999999,1
24,4200,0.0027188002247253372,2020-02-05 08:30:32.620071,1.5253447900000001,1,70.92983819,0
25,4200,0.00012965123835100326,2020-02-05 08:38:07.630730,4.5501065899999995,0,75.47994478,0
26,2900,0.00045370581197634233,2020-02-05 08:41:34.952725,2.07321995,0,77.55316472999999,1
27,3814,0.001877448517029675,2020-02-05 08:45:38.492001,2.43539276,1,79.98855748999999,1
28,4100,0.0009059143883436008,2020-02-05 08:51:19.022425,3.40530424,0,83.39386173,0
29,2500,0.0011645964049190874,2020-02-05 08:57:10.366067,3.5134364199999997,0,86.90729815,1
30,3200,0.001099861010819703,2020-02-05 09:01:09.665687,2.3929962000000002,0,89.30029435,0
31,3100,0.000776498033062564,2020-02-05 09:08:29.497996,4.39832309,0,93.69861744,1
32,2207,0.00012937447459649714,2020-02-05 09:13:45.468704,3.15970708,0,96.85832452000001,0
33,2100,0.0006471235584661292,2020-02-05 09:18:03.132147,2.57663443,0,99.43495895000001,0
34,1000,0.00012945821754125827,2020-02-05 09:20:39.032526,1.5590037899999998,0,100.99396274000001,1
35,1800,0.0007122276839649703,2020-02-05 09:26:28.863165,3.49830639,0,104.49226913000001,0
36,1000,0.000518034072324468,2020-02-05 09:32:30.683330,3.6182016499999996,0,108.11047078000001,1
37,2000,0.00019419361164041993,2020-02-05 09:35:05.389828,1.54706498,0,109.65753576000002,1
38,2795,0.000971345389631892,2020-02-05 09:43:30.935734,5.0554590600000004,0,114.71299482000002,0
39,2500,3.239338527354663e-05,2020-02-05 09:49:36.877146,3.65941412,0,118.37240894000001,1
40,4401,0.0010695361501805393,2020-02-05 09:54:15.954078,2.79076932,0,121.16317826000001,0
41,1866,6.485294596771115e-05,2020-02-05 09:55:38.573102,0.82619024,0,121.98936850000001,1
42,5911,0.00032430679706963806,2020-02-05 10:00:53.202782,3.1462968,0,125.13566530000001,0
43,3492,0.0005191097384758793,2020-02-05 10:09:48.655916,5.354531339999999,0,130.49019664000002,0
44,4516,0.0009731098111309315,2020-02-05 10:12:13.984332,1.45328416,0,131.94348080000003,1
45,2288,0.00012969327558554416,2020-02-05 10:17:13.433477,2.99449145,0,134.93797225000003,0
46,3100,0.00019457145698119157,2020-02-05 10:22:03.802915,2.90369438,0,137.84166663000002,0
47,4506,0.0005839416224323791,2020-02-05 10:25:00.362541,1.7655962600000001,0,139.60726289000002,0
48,3004,0.0005190760562955067,2020-02-05 10:34:20.556053,5.60193512,0,145.20919801000002,1
49,12364,0.0003243909588247132,2020-02-05 10:39:58.066462,3.37510409,0,148.58430210000003,0
50,4400,0.0004541178838299074,2020-02-05 10:43:16.750177,1.9868371500000002,0,150.57113925000004,1
51,5264,0.0003243488724878294,2020-02-05 10:49:25.247240,3.6849706300000005,0,154.25610988000005,0
52,3300,0.0009087369183068043,2020-02-05 10:52:30.965768,1.85718528,0,156.11329516000006,0
53,7400,0.0,2020-02-05 10:57:18.655078,2.8768930999999998,0,158.99018826000005,0
54,5191,0.000779575171034747,2020-02-05 11:00:01.667620,1.63012542,0,160.62031368000007,0
55,3001,0.0009102731447788259,2020-02-05 11:08:00.842237,4.79174617,0,165.41205985000008,0
56,4421,0.00032529846420677823,2020-02-05 11:11:17.265489,1.96423252,0,167.37629237000007,0
57,3800,0.00016266245948983067,2020-02-05 11:15:36.274508,2.59009019,0,169.96638256000008,1
58,6317,0.0011378969643033548,2020-02-05 11:24:18.184568,5.219100600000001,0,175.18548316000008,1
59,2763,0.000520020812550673,2020-02-05 11:26:10.777350,1.12592782,0,176.31141098000006,0
60,1900,0.0009748172989656247,2020-02-05 11:32:51.983208,4.01205858,0,180.32346956000006,1
61,4200,0.00038966099986471506,2020-02-05 11:36:57.909898,2.4592669000000003,0,182.78273646000005,1
62,2700,0.00032460155444576327,2020-02-05 11:41:00.922724,2.43012826,0,185.21286472000006,1
63,9425,0.0006488871812912454,2020-02-05 11:47:51.540858,4.10618134,0,189.31904606000006,1
64,2172,0.0012317268420573525,2020-02-05 11:53:14.280387,3.22739529,0,192.54644135000007,1
65,9100,0.0005832604423151663,2020-02-05 11:59:32.940204,3.7865981699999995,0,196.33303952000006,0
66,6525,0.0011661808901826157,2020-02-05 12:03:44.072329,2.51132125,0,198.84436077000007,1
67,2600,0.0020741516380786726,2020-02-05 12:09:04.156561,3.20084232,1,202.04520309000006,0
68,3717,0.0008431430275404375,2020-02-05 12:12:40.477768,2.1632120699999997,0,204.20841516000004,1
69,5045,0.00032409658361814145,2020-02-05 12:18:08.583868,3.2810610000000002,0,207.48947616000004,1
70,2134,0.0004537646335923525,2020-02-05 12:24:54.884707,4.06300839,0,211.55248455000003,0
71,5877,0.0007783615882366218,2020-02-05 12:28:03.459763,1.88575056,0,213.43823511000002,0
72,6880,0.0002595885536026607,2020-02-05 12:32:24.649737,2.61189974,0,216.05013485000003,0
73,8359,0.0002595885536027267,2020-02-05 12:35:48.930822,2.04281085,0,218.09294570000003,1
74,5121,0.0012969329358271016,2020-02-05 12:44:41.373176,5.324423540000001,0,223.41736924000003,1
75,22251,0.0014916180332979541,2020-02-05 12:48:22.019152,2.20645976,0,225.62382900000003,0
76,41554,0.0006492241999121242,2020-02-05 12:54:05.633514,3.43614362,0,229.05997262000002,0
77,130365,0.001492586019661616,2020-02-05 12:55:35.735252,0.90101738,0,229.96099000000004,1
78,2700,0.0032352017865116284,2020-02-06 06:34:47.733612,2.96671576,1,232.92770576000004,0
79,11530,0.002621318308161217,2020-02-06 06:38:01.999684,1.9426607200000001,1,234.87036648000003,1
80,4600,0.0016496583126857603,2020-02-06 06:42:24.904475,2.6290479099999997,1,237.49941439000003,0
81,902,0.004650870730801981,2020-02-06 06:47:25.306280,3.0040180500000004,1,240.50343244000004,1
82,5600,0.0003222791609962072,2020-02-06 06:50:50.856394,2.05550114,0,242.55893358000003,0
83,3154,0.00334663718195638,2020-02-06 06:58:16.856033,4.45999639,1,247.01892997000002,1
84,10334,0.001865012277296347,2020-02-06 07:01:43.411433,2.065554,1,249.08448397,0
85,1850,0.0018040079629987934,2020-02-06 07:06:03.529592,2.60118159,1,251.68566556000002,0
86,550,6.448908524461086e-05,2020-02-06 07:13:23.842125,4.40312533,0,256.08879089000004,0
87,500,0.0009032841442616429,2020-02-06 07:19:59.318804,3.95476679,0,260.04355768000005,0
88,1312,0.0009677732295061782,2020-02-06 07:23:22.211857,2.0289305300000002,0,262.0724882100001,1
89,1629,0.00090241078703574,2020-02-06 07:26:50.323329,2.08111472,0,264.1536029300001,1
90,600,0.0016094251389803832,2020-02-06 07:30:09.180850,1.9885752099999998,1,266.1421781400001,1
91,2568,0.0006430454854728852,2020-02-06 07:38:14.727737,4.85546887,0,270.9976470100001,1
92,1500,0.0016083897056268616,2020-02-06 07:44:52.396162,3.97668425,0,274.9743312600001,0
93,2400,0.0012869186513263932,2020-02-06 07:46:57.085351,1.24689189,0,276.22122315000007,1
94,1000,0.001222533369779598,2020-02-06 07:54:20.329483,4.43244132,0,280.6536644700001,0
95,2284,0.0006436249176296013,2020-02-06 07:56:48.479748,1.48150265,0,282.13516712000006,1
96,1100,0.000514601838192715,2020-02-06 08:01:42.069428,2.9358968,0,285.0710639200001,1
97,1500,0.0,2020-02-06 08:05:47.506035,2.4543660700000003,0,287.5254299900001,0
98,700,0.001670629444655334,2020-02-06 08:12:21.935544,3.94429509,1,291.4697250800001,1
99,1700,0.0006422195327020757,2020-02-06 08:17:09.858691,2.8792314699999997,0,294.3489565500001,0
100,1100,0.0001927091703410605,2020-02-06 08:23:31.553965,3.8169527399999996,0,298.16590929000006,1
101,1629,0.001412066986876955,2020-02-06 08:26:16.291558,1.64737593,0,299.81328522000007,1
102,2700,0.0007052864717069675,2020-02-06 08:34:00.067388,4.6377583,0,304.45104352000004,1
103,1900,6.409229292370917e-05,2020-02-06 08:36:51.022224,1.70954836,0,306.16059188,1
104,2682,0.0013468015503787388,2020-02-06 08:43:07.320271,3.76298047,0,309.92357235000003,0
105,1119,0.0007061920493787179,2020-02-06 08:46:04.010990,1.76690719,0,311.69047954,0
106,1200,0.0003211613220912461,2020-02-06 08:54:42.254946,5.182439560000001,0,316.8729191,0
107,1000,0.0008355024747733768,2020-02-06 08:56:35.037129,1.12782183,0,318.00074093,0
108,1906,0.0021195293589461885,2020-02-06 09:02:51.184735,3.76147606,1,321.76221699,1
109,2200,0.00038488678389026333,2020-02-06 09:06:06.807314,1.95622579,0,323.71844278000003,1
110,700,0.0018616599823866983,2020-02-06 09:14:16.873437,4.90066123,1,328.61910401000006,0
111,5700,0.0,2020-02-06 09:17:42.719358,2.05845921,0,330.6775632200001,0
112,300,0.0016076656946438846,2020-02-06 09:22:03.310760,2.60591402,0,333.2834772400001,0
113,3400,6.436041836487596e-05,2020-02-06 09:25:55.928709,2.32617949,0,335.6096567300001,0
114,2745,0.0001287166947328143,2020-02-06 09:33:42.905323,4.66976614,0,340.2794228700001,1
115,1700,0.00019304398245334722,2020-02-06 09:37:20.809664,2.17904341,0,342.4584662800001,1
116,2640,0.0005470547673878529,2020-02-06 09:42:12.961776,2.92152112,0,345.3799874000001,0
117,1703,0.00016095543178855804,2020-02-06 09:46:25.777673,2.5281589700000002,0,347.9081463700001,0
118,2700,0.0002575825888412276,2020-02-06 09:53:52.253710,4.4647603700000005,0,352.37290674000013,0
119,2427,0.0004509292439602106,2020-02-06 09:55:49.849179,1.17595469,0,353.54886143000016,0
120,3100,0.0010314596066622707,2020-02-06 10:02:15.672414,3.85823235,0,357.40709378000014,0
121,800,0.0003870718066519812,2020-02-06 10:05:36.755217,2.0108280300000003,0,359.41792181000017,0
122,1096,0.00019355463139877097,2020-02-06 10:11:03.130937,3.2637572,0,362.68167901000015,1
123,1499,0.0003871467334457463,2020-02-06 10:19:51.961214,5.2883027700000005,0,367.9699817800001,0
124,900,0.0005161623445137434,2020-02-06 10:20:02.424964,0.1046375,0,368.07461928000015,1
125,1300,0.0007743434599992792,2020-02-06 10:27:25.488895,4.43063931,0,372.50525859000015,0
126,1700,0.00025818111548550475,2020-02-06 10:34:48.711393,4.43222498,0,376.93748357000015,1
127,1100,0.0005806639086988101,2020-02-06 10:35:37.445754,0.48734361,0,377.42482718000014,1
128,808,0.0002580312232094097,2020-02-06 10:44:49.832404,5.5238665000000005,0,382.94869368000013,0
129,2201,0.00012902393411870762,2020-02-06 10:48:22.166308,2.12333904,0,385.07203272000015,1
130,800,0.0003871217546249376,2020-02-06 10:52:18.205819,2.3603951100000002,0,387.43242783000017,0
131,800,0.00012905723706351844,2020-02-06 10:57:42.257865,3.2405204600000004,0,390.6729482900002,1
132,2400,6.45265365605274e-05,2020-02-06 11:01:15.798559,2.13540694,0,392.8083552300002,0
133,400,0.0004518023764205996,2020-02-06 11:06:53.362632,3.37564073,0,396.1839959600002,0
134,1200,0.00025819778093346345,2020-02-06 11:10:14.965523,2.01602891,0,398.20002487000016,1
135,400,0.0007102043750108637,2020-02-06 11:16:45.778678,3.90813155,0,402.10815642000017,0
136,500,0.0001291655904662354,2020-02-06 11:23:28.591490,4.02812812,0,406.1362845400002,1
137,3001,0.000548767707494674,2020-02-06 11:25:51.528288,1.42936798,0,407.5656525200002,1
138,1600,9.681010705062164e-05,2020-02-06 11:30:25.846945,2.7431865699999998,0,410.30883909000016,1
139,1200,0.000516428905674059,2020-02-06 11:37:41.968072,4.36121127,0,414.6700503600002,0
140,800,0.0010336585971057605,2020-02-06 11:42:21.386367,2.79418295,0,417.46423331000017,0
141,1142,0.0010982267972896298,2020-02-06 11:47:26.826147,3.0543978,0,420.5186311100002,1
142,600,0.0005166623726400182,2020-02-06 11:53:48.199044,3.81372897,0,424.33236008000017,0
143,700,0.0,2020-02-06 11:58:53.156313,3.0495726899999998,0,427.38193277000016,0
144,600,0.00019377967311864295,2020-02-06 12:00:13.249885,0.8009357199999999,0,428.18286849000015,1
145,1037,0.00038744673092168267,2020-02-06 12:08:04.894588,4.71644703,0,432.89931552000013,1
146,1754,0.0003874467309217422,2020-02-06 12:14:16.444119,3.71549531,0,436.6148108300001,0
147,1496,0.0002583144993375972,2020-02-06 12:16:11.504911,1.1506079200000001,0,437.76541875000015,1
148,1600,0.0002583144993375601,2020-02-06 12:22:19.634671,3.6812975999999997,0,441.44671635000014,0
149,3760,0.0,2020-02-06 12:27:45.155633,3.25520962,0,444.70192597000016,0
150,3639,0.0011618901384572932,2020-02-06 12:32:20.441018,2.75285385,0,447.45477982000017,1
151,1400,0.0005162289590023417,2020-02-06 12:35:30.646648,1.9020563000000001,0,449.3568361200002,0
152,2700,0.0001290822255567467,2020-02-06 12:42:22.343589,4.116969409999999,0,453.4738055300002,1
153,7141,0.002067317746418079,2020-02-06 12:48:16.198197,3.5385460799999997,1,457.0123516100002,0
154,14687,0.0009695873549739791,2020-02-06 12:54:54.981101,3.98782904,0,461.00018065000023,1
155,91114,6.460991764479922e-05,2020-02-06 12:59:48.591055,2.9360995400000003,0,463.9362801900002,0
156,2650,0.003111632226696029,2020-02-07 06:31:33.040175,2.8121201,1,466.74840029000023,0
157,2500,0.0039032055799539146,2020-02-07 06:35:33.539847,2.40499672,1,469.1533970100002,0
158,2300,0.0028638394996385974,2020-02-07 06:42:18.279437,4.047395900000001,1,473.20079291000025,1
159,2214,0.0015610774602528071,2020-02-07 06:49:03.427803,4.05148366,0,477.2522765700002,0
160,2459,0.0008458861160912789,2020-02-07 06:54:38.647843,3.3522003999999996,0,480.60447697000023,1
161,2747,0.0003903200674066408,2020-02-07 06:56:10.894821,0.92246978,0,481.5269467500002,0
162,2000,0.0014976398697013624,2020-02-07 07:04:16.592305,4.8569748399999995,0,486.3839215900002,0
163,700,0.0029605552327629544,2020-02-07 07:06:17.996575,1.2140427,1,487.5979642900002,1
164,1300,0.001071446067533403,2020-02-07 07:10:10.866946,2.32870371,0,489.92666800000023,1
165,1115,0.00045420628234392306,2020-02-07 07:16:39.884991,3.89018045,0,493.81684845000024,1
166,1300,0.0005191097384758793,2020-02-07 07:20:59.401697,2.59516706,0,496.41201551000023,0
167,900,0.0007137064374325554,2020-02-07 07:25:12.712866,2.53311169,0,498.94512720000023,1
168,1700,0.00012971009811281212,2020-02-07 07:31:29.853397,3.77140531,0,502.7165325100002,1
169,1400,0.0004540589706006905,2020-02-07 07:39:15.623682,4.65770285,0,507.3742353600002,0
170,3727,0.0021387609824895437,2020-02-07 07:43:42.992667,2.67368985,1,510.04792521000024,1
171,1300,0.0007124121929495639,2020-02-07 07:49:11.017472,3.28024805,0,513.3281732600002,0
172,1600,6.478991871128885e-05,2020-02-07 07:50:27.221918,0.76204446,0,514.0902177200002,0
173,1400,0.00032401257452251175,2020-02-07 07:55:19.972531,2.92750613,0,517.0177238500002,0
174,1549,0.0005834873257054422,2020-02-07 08:02:31.334172,4.31361641,0,521.3313402600002,0
175,800,0.0009722898189391861,2020-02-07 08:07:46.833121,3.1549894899999997,0,524.4863297500002,1
176,1982,0.0004536176081411806,2020-02-07 08:14:54.242440,4.274093189999999,0,528.7604229400002,0
177,700,0.001295504780231823,2020-02-07 08:16:39.426758,1.05184318,0,529.8122661200002,1
178,1299,0.0010028630961987333,2020-02-07 08:20:30.028692,2.30601934,0,532.1182854600003,1
179,3393,0.0009372526258553149,2020-02-07 08:25:48.996496,3.18967804,0,535.3079635000003,1
180,3293,0.000710433717354355,2020-02-07 08:31:34.448502,3.4545200599999997,0,538.7624835600003,1
181,600,0.0016127475030581792,2020-02-07 08:38:52.951484,4.38502982,1,543.1475133800003,1
182,2749,0.0,2020-02-07 08:44:23.362739,3.3041125499999997,0,546.4516259300003,0
183,1108,0.0013545330545249935,2020-02-07 08:48:28.317315,2.44954576,0,548.9011716900003,0
184,1821,0.0009677107945279871,2020-02-07 08:54:38.153615,3.698363,0,552.5995346900003,1
185,7008,0.0003869719493630462,2020-02-07 08:55:12.515802,0.34362187,0,552.9431565600003,0
186,1700,0.0016139969286971634,2020-02-07 09:03:29.803675,4.97287873,0,557.9160352900003,0
187,700,0.0001292323599627958,2020-02-07 09:08:44.880382,3.15076707,0,561.0668023600003,0
188,900,0.00019384227760769392,2020-02-07 09:14:53.614452,3.6873406999999996,0,564.7541430600004,1
189,1300,0.000323091340731866,2020-02-07 09:16:36.975053,1.03360601,0,565.7877490700004,0
190,2700,0.0009043928265018029,2020-02-07 09:24:36.230050,4.79254997,0,570.5802990400003,1
191,2164,0.0001937296186357053,2020-02-07 09:27:33.556319,1.77326269,0,572.3535617300004,0
192,1100,0.0012278265783687045,2020-02-07 09:34:08.584183,3.95027864,0,576.3038403700003,0
193,2687,0.00025868201657536374,2020-02-07 09:38:05.410893,2.3682670999999997,0,578.6721074700004,0
194,1617,0.0005822793164226892,2020-02-07 09:41:55.363437,2.29952544,0,580.9716329100004,0
195,1600,0.0005826185631709932,2020-02-07 09:48:35.371546,4.00008109,0,584.9717140000004,0
196,2373,0.000518168286741386,2020-02-07 09:54:13.317067,3.3794552099999997,0,588.3511692100003,0
197,900,0.0,2020-02-07 09:58:56.760067,2.83443,0,591.1855992100003,0
198,2000,0.0002915026984642152,2020-02-07 10:01:37.774233,1.6101416599999998,0,592.7957408700003,1
199,1100,0.00048564907952722795,2020-02-07 10:09:07.312495,4.49538262,0,597.2911234900002,1
200,1523,0.00038850039338684714,2020-02-07 10:13:53.266416,2.85953921,0,600.1506627000002,0
201,1800,0.0007774538778383545,2020-02-07 10:18:45.747054,2.92480638,0,603.0754690800002,0
202,2400,6.481091418070809e-05,2020-02-07 10:23:10.319831,2.6457277699999997,0,605.7211968500002,1
203,3100,0.0001944075436250359,2020-02-07 10:25:05.781357,1.1546152600000001,0,606.8758121100002,1
204,3400,0.00045367640688709956,2020-02-07 10:33:37.708443,5.119270859999999,0,611.9950829700002,0
205,1500,0.0012324459121694678,2020-02-07 10:38:31.901563,2.9419312000000004,0,614.9370141700002,0
206,1615,6.490766886384412e-05,2020-02-07 10:44:36.033367,3.64131804,0,618.5783322100002,0
207,2900,0.0006817850044138,2020-02-07 10:48:58.919133,2.62885766,0,621.2071898700002,0
208,2377,0.00016239829842283702,2020-02-07 10:53:59.670975,3.0075184200000002,0,624.2147082900002,0
209,3000,0.0014627727021921562,2020-02-07 10:57:38.443219,2.18772244,0,626.4024307300002,0
210,2006,0.0004229774420869992,2020-02-07 11:04:19.423051,4.00979832,0,630.4122290500002,0
211,1300,0.0004231564277128745,2020-02-07 11:05:07.033752,0.47610701,0,630.8883360600001,0
212,3211,9.767691739405846e-05,2020-02-07 11:12:11.183080,4.24149328,0,635.1298293400001,0
213,1200,0.0011728677958838406,2020-02-07 11:16:35.574366,2.64391286,0,637.7737422000001,0
214,3000,0.00022821745962613502,2020-02-07 11:22:40.174103,3.64599737,0,641.4197395700002,0
215,1300,0.0016940873900104139,2020-02-07 11:26:44.024574,2.43850471,1,643.8582442800001,1
216,2105,0.000618278277452579,2020-02-07 11:32:56.120214,3.7209564,0,647.5792006800001,1
217,2170,0.0001951663799578484,2020-02-07 11:35:46.358353,1.70238139,0,649.2815820700001,1
218,1731,0.000650279643151759,2020-02-07 11:44:49.987641,5.43629288,0,654.7178749500001,1
219,903,0.00039011704005820815,2020-02-07 11:47:07.305870,1.37318229,0,656.0910572400002,0
220,1702,0.0011698948429077526,2020-02-07 11:54:08.041174,4.20735304,0,660.2984102800002,1
221,2400,0.0005519749478586042,2020-02-07 11:55:35.324353,0.87283179,0,661.1712420700002,1
222,2027,0.0003571254684645567,2020-02-07 12:03:57.392375,5.02068022,0,666.1919222900002,0
223,2800,0.0004547078580407599,2020-02-07 12:05:06.429605,0.6903722999999999,0,666.8822945900002,0
224,2249,0.00032481242368277805,2020-02-07 12:13:59.001661,5.32572056,0,672.2080151500003,1
225,2700,0.00012991230937407748,2020-02-07 12:17:40.851437,2.21849776,0,674.4265129100003,0
226,1302,0.0005848143381205533,2020-02-07 12:21:59.686685,2.5883524799999997,0,677.0148653900003,0
227,3700,0.0007147266474945228,2020-02-07 12:28:42.643839,4.02957154,0,681.0444369300003,1
228,4457,0.00045456022082084903,2020-02-07 12:34:49.821725,3.67177886,0,684.7162157900003,1
229,5611,0.0002921935640806704,2020-02-07 12:39:19.191467,2.69369742,0,687.4099132100004,0
230,4826,0.0008763246856712889,2020-02-07 12:44:29.665897,3.1047442999999997,0,690.5146575100003,1
231,10395,0.00012977743188687742,2020-02-07 12:46:31.216621,1.21550724,0,691.7301647500003,0
232,29859,0.00025960540125024434,2020-02-07 12:52:24.803137,3.53586516,0,695.2660299100003,0
233,87687,0.001426996415207382,2020-02-07 12:58:32.017457,3.6721432,0,698.9381731100003,1
234,1100,0.0044161651197695525,2020-02-10 06:33:39.123637,5.0953906799999995,1,704.0335637900004,1
235,1460,0.0005830337352993001,2020-02-10 06:35:11.959803,0.9283616600000001,0,704.9619254500003,1
236,2833,0.003878228634430018,2020-02-10 06:40:59.355724,3.47395921,1,708.4358846600003,1
237,5742,0.002583813852699537,2020-02-10 06:47:30.421516,3.91065792,1,712.3465425800002,0
238,2340,0.0012281440411234025,2020-02-10 06:50:35.377521,1.84956005,0,714.1961026300003,1
239,1550,0.0008394408525736917,2020-02-10 06:59:59.217947,5.63840426,0,719.8345068900003,1
240,4079,0.0011624904434950512,2020-02-10 07:04:05.314905,2.46096958,0,722.2954764700003,0
241,2083,0.001485164771098629,2020-02-10 07:07:21.420872,1.96105967,0,724.2565361400003,1
242,2233,6.452237315547762e-05,2020-02-10 07:14:36.680790,4.35259918,0,728.6091353200003,1
243,8379,0.0034137420031694616,2020-02-10 07:17:54.134043,1.9745325299999998,1,730.5836678500003,1
244,1471,0.0005142710321620995,2020-02-10 07:28:26.394379,6.3226033600000004,0,736.9062712100003,1
245,2585,0.001028806675106524,2020-02-10 07:31:46.065572,1.9967119299999998,0,738.9029831400003,0
246,1200,0.001350091818432514,2020-02-10 07:38:20.553584,3.94488012,0,742.8478632600003,1
247,800,0.00019272155007772572,2020-02-10 07:40:06.256237,1.05702653,0,743.9048897900003,1
248,1431,0.0,2020-02-10 07:45:05.867692,2.9961145499999997,0,746.9010043400003,0
249,2300,6.423638993706191e-05,2020-02-10 07:52:33.080800,4.47213108,0,751.3731354200004,0
250,2100,0.002245822112409335,2020-02-10 07:58:53.992162,3.8091136199999998,1,755.1822490400003,1
251,1100,0.0012170516827503695,2020-02-10 08:01:29.664199,1.5567203699999999,0,756.7389694100003,1
252,1616,0.0005122622894886078,2020-02-10 08:05:55.713933,2.66049734,0,759.3994667500003,0
253,2447,0.0017949873400827712,2020-02-10 08:10:06.737685,2.51023752,1,761.9097042700004,0
254,2000,0.0006414368404662475,2020-02-10 08:15:00.204255,2.9346657,0,764.8443699700003,1
255,4258,0.0006410256629762398,2020-02-10 08:24:34.728672,5.745244169999999,0,770.5896141400003,1
256,5756,0.0028795412634194193,2020-02-10 08:28:06.522768,2.11794096,1,772.7075551000004,1
257,1800,0.000670701546995926,2020-02-10 08:33:02.155378,2.9563261,0,775.6638812000003,1
258,3143,0.0006702520079208284,2020-02-10 08:36:26.930019,2.0477464100000002,0,777.7116276100003,1
259,2700,3.190657754363598e-05,2020-02-10 08:41:47.256791,3.20326772,0,780.9148953300003,0
260,2900,0.0008618626341495573,2020-02-10 08:49:42.210629,4.749538380000001,0,785.6644337100003,0
261,2000,0.0011489851895986635,2020-02-10 08:53:02.412215,2.0020158599999998,0,787.6664495700003,1
262,2015,0.0005102366333032547,2020-02-10 08:59:24.875151,3.8246293600000003,0,791.4910789300003,1
263,1040,0.0011803175467116555,2020-02-10 09:03:15.662291,2.3078714,0,793.7989503300003,0
264,500,3.191879857913185e-05,2020-02-10 09:06:36.945149,2.01282858,0,795.8117789100003,1
265,1800,0.00044675623808457335,2020-02-10 09:13:48.226937,4.31281788,0,800.1245967900003,1
266,2243,0.0006382843134936519,2020-02-10 09:17:19.346835,2.11119898,0,802.2357957700003,0
267,3200,0.0005748044226600729,2020-02-10 09:23:28.645569,3.69298734,0,805.9287831100003,0
268,2584,0.0003193765796365875,2020-02-10 09:26:34.311638,1.85666069,0,807.7854438000003,1
269,8953,0.0005749513046875428,2020-02-10 09:31:18.902131,2.8459049299999997,0,810.6313487300002,0
270,400,0.000574951304687505,2020-02-10 09:36:00.912823,2.82010692,0,813.4514556500002,1
271,2541,0.0006065346309711399,2020-02-10 09:40:45.466762,2.8455393900000003,0,816.2969950400002,1
272,1800,0.0015010462234259136,2020-02-10 09:45:48.325149,3.02858387,0,819.3255789100002,0
273,1300,0.0008306444361180901,2020-02-10 09:53:33.881599,4.6555645,0,823.9811434100002,1
274,2268,0.00012773023392005314,2020-02-10 09:56:23.726888,1.69845289,0,825.6795963000002,1
275,2300,6.38630775833374e-05,2020-02-10 10:02:49.268031,3.8554114299999998,0,829.5350077300002,0
276,800,0.00031927461080238635,2020-02-10 10:09:15.308777,3.8604074600000002,0,833.3954151900002,1
277,1400,9.577168038724816e-05,2020-02-10 10:12:43.057865,2.07749088,0,835.4729060700002,0
278,2760,0.0004151166377686604,2020-02-10 10:17:32.641075,2.8958321000000002,0,838.3687381700003,0
279,1485,0.0008307505989494564,2020-02-10 10:22:53.316153,3.2067507799999997,0,841.5754889500002,0
280,1000,0.000415634247850608,2020-02-10 10:29:34.932875,4.01616722,0,845.5916561700003,0
281,1370,3.197902176436578e-05,2020-02-10 10:34:59.952484,3.25019609,0,848.8418522600003,0
282,600,0.0007037973354267086,2020-02-10 10:37:51.611759,1.71659275,0,850.5584450100004,0
283,2260,0.0007042930149947008,2020-02-10 10:41:51.050256,2.39438497,0,852.9528299800004,0
284,2100,0.00012810658485356148,2020-02-10 10:45:54.318034,2.43267778,0,855.3855077600003,0
285,1900,0.00019215372356947932,2020-02-10 10:52:25.483527,3.91165493,0,859.2971626900004,1
286,2570,0.0005762397316669418,2020-02-10 10:56:27.843997,2.4236047,0,861.7207673900004,1
287,1400,6.400614461176996e-05,2020-02-10 11:00:47.049075,2.59205078,0,864.3128181700005,1
288,1500,0.00019199385678628962,2020-02-10 11:09:38.975140,5.31926065,0,869.6320788200005,1
289,1803,0.0001279754288922033,2020-02-10 11:13:41.016378,2.42041238,0,872.0524912000005,1
290,804,0.0003838280497480155,2020-02-10 11:18:13.897157,2.7288077900000003,0,874.7812989900006,1
291,2805,0.0005757973352520024,2020-02-10 11:24:43.484113,3.89586956,0,878.6771685500006,0
292,3580,0.0,2020-02-10 11:27:15.093576,1.51609463,0,880.1932631800006,0
293,4246,0.00038390172587437,2020-02-10 11:34:57.792998,4.62699422,0,884.8202574000006,1
294,2499,6.39733870927343e-05,2020-02-10 11:37:21.733304,1.4394030599999998,0,886.2596604600006,0
295,2840,0.0007680000377487297,2020-02-10 11:42:29.477204,3.077439,0,889.3370994600007,0
296,2425,0.0003840737468798777,2020-02-10 11:47:36.529923,3.0705271900000004,0,892.4076266500007,1
297,2910,0.00012799180869911157,2020-02-10 11:52:54.265092,3.17735169,0,895.5849783400007,1
298,4478,6.398976165990027e-05,2020-02-10 11:59:09.702688,3.75437596,0,899.3393543000007,1
299,3571,0.0004478137169803603,2020-02-10 12:04:29.826950,3.20124262,0,902.5405969200007,1
300,1261,0.0005754659834631577,2020-02-10 12:08:17.248643,2.27421693,0,904.8148138500006,1
301,4656,6.392431363439179e-05,2020-02-10 12:11:17.585437,1.80336794,0,906.6181817900007,0
302,4212,0.00028762723708609673,2020-02-10 12:15:42.660051,2.65074614,0,909.2689279300007,1
303,6115,0.000926236512026536,2020-02-10 12:24:45.425268,5.42765217,0,914.6965801000007,1
304,9977,0.0012761614799841703,2020-02-10 12:25:05.919844,0.20494575999999998,0,914.9015258600007,1
305,14775,0.0008923450142771496,2020-02-10 12:30:26.487038,3.2056719399999998,0,918.1071978000007,1
306,3550,6.37084700626012e-05,2020-02-10 12:37:27.304482,4.2081744400000005,0,922.3153722400007,1
307,8276,0.0007010165025950749,2020-02-10 12:42:18.048009,2.9074352699999997,0,925.2228075100006,0
308,13652,0.0003824335568312182,2020-02-10 12:49:30.096922,4.32048913,0,929.5432966400007,1
309,23551,0.0003186844732027935,2020-02-10 12:50:20.876354,0.50779432,0,930.0510909600007,0
310,64270,0.0003186844732027145,2020-02-10 12:59:09.146853,5.28270499,0,935.3337959500006,1
311,5037,0.003648654840168167,2020-02-11 06:34:31.205742,3.96675634,1,939.3005522900006,0
312,2700,0.0034586190495224604,2020-02-11 06:36:47.533925,1.36328183,1,940.6638341200006,1
313,2210,0.0022780494569719953,2020-02-11 06:44:20.237850,4.5270392500000005,1,945.1908733700006,1
314,7456,0.0024047600501469085,2020-02-11 06:49:42.408575,3.22170725,1,948.4125806200007,0
315,1536,6.33613179367338e-05,2020-02-11 06:51:17.596035,0.9518746,0,949.3644552200007,0
316,3175,0.00234169911759922,2020-02-11 06:57:04.724857,3.47128822,1,952.8357434400007,1
317,5237,0.0005058488884342436,2020-02-11 07:04:56.368349,4.71643492,0,957.5521783600007,0
318,1800,0.0008850677022317933,2020-02-11 07:05:04.401020,0.08032671000000001,0,957.6325050700007,1
319,1700,0.0013892399304313095,2020-02-11 07:14:59.366028,5.9496500800000005,0,963.5821551500006,1
320,1820,0.0020213512030589544,2020-02-11 07:15:26.094381,0.26728353,1,963.8494386800006,0
321,1050,0.0,2020-02-11 07:22:59.417653,4.53323272,0,968.3826714000006,0
322,1201,0.0008848439459889797,2020-02-11 07:27:53.515860,2.94098207,0,971.3236534700006,1
323,400,0.00037897928700180957,2020-02-11 07:30:53.183046,1.7966718599999998,0,973.1203253300006,1
324,2282,0.0018927450445557672,2020-02-11 07:35:00.574377,2.47391331,1,975.5942386400005,1
325,4278,0.0008820565088011865,2020-02-11 07:41:05.533955,3.6495957800000003,0,979.2438344200006,1
326,1878,0.00031483172504484047,2020-02-11 07:46:33.754778,3.28220823,0,982.5260426500006,1
327,3308,0.0009439008975671053,2020-02-11 07:50:53.855770,2.60100992,0,985.1270525700006,1
328,2400,0.0,2020-02-11 07:58:07.092694,4.33236924,0,989.4594218100007,0
329,3000,0.0002516198038060985,2020-02-11 08:02:40.101937,2.7300924300000005,0,992.1895142400007,0
330,4998,0.0018856070954609847,2020-02-11 08:09:24.919400,4.04817463,1,996.2376888700006,1
331,4525,0.0003766951325307948,2020-02-11 08:14:30.956941,3.06037541,0,999.2980642800006,1
332,6100,0.0009411174895459532,2020-02-11 08:16:33.251710,1.22294769,0,1000.5210119700006,1
333,5000,0.0011922318106595726,2020-02-11 08:23:11.333032,3.98081322,0,1004.5018251900005,0
334,3308,0.00018837713157339895,2020-02-11 08:26:40.325489,2.08992457,0,1006.5917497600005,0
335,2900,0.003081860359315527,2020-02-11 08:33:19.779799,3.9945431,1,1010.5862928600005,0
336,2200,0.0018284422357051516,2020-02-11 08:35:50.528490,1.5074869100000001,1,1012.0937797700005,0
337,1100,6.310541762101923e-05,2020-02-11 08:44:00.911922,4.9038343200000005,0,1016.9976140900005,1
338,2400,0.0010091454656468706,2020-02-11 08:47:33.972831,2.13060909,0,1019.1282231800005,1
339,4200,0.00012608750489517438,2020-02-11 08:54:34.137198,4.20164367,0,1023.3298668500005,0
340,3695,0.0013880128411397812,2020-02-11 08:55:58.369144,0.8423194599999999,0,1024.1721863100006,0
341,3600,0.0011357901271471513,2020-02-11 09:04:01.183540,4.82814396,0,1029.0003302700006,1
342,5502,0.000441542884140809,2020-02-11 09:07:25.277306,2.04093766,0,1031.0412679300007,0
343,2100,0.0011350023287942017,2020-02-11 09:10:26.455470,1.8117816400000002,0,1032.8530495700006,1
344,700,0.001700091710682213,2020-02-11 09:18:12.740773,4.66285303,1,1037.5159026000006,1
345,1278,0.0005031763110128701,2020-02-11 09:21:00.778306,1.68037533,0,1039.1962779300006,1
346,1570,0.001069552462838385,2020-02-11 09:27:24.411025,3.83632719,0,1043.0326051200007,0
347,2283,0.0008808910152454826,2020-02-11 09:30:14.312482,1.69901457,0,1044.7316196900006,1
348,4042,0.0003145148634198699,2020-02-11 09:37:05.529246,4.11216764,0,1048.8437873300006,0
349,3060,0.0,2020-02-11 09:43:06.638201,3.61108955,0,1052.4548768800007,0
350,1367,0.00031451486341992015,2020-02-11 09:47:22.286109,2.55647908,0,1055.0113559600006,1
351,3904,0.00031441597492175646,2020-02-11 09:50:07.152166,1.64866057,0,1056.6600165300006,1
352,2634,0.0011310796731814317,2020-02-11 09:57:07.421337,4.20269171,0,1060.8627082400005,1
353,1947,0.0008160959679535802,2020-02-11 10:03:11.733224,3.6431188700000003,0,1064.5058271100006,1
354,800,0.0,2020-02-11 10:09:08.460729,3.56727505,0,1068.0731021600006,0
355,2200,0.0005021340803473695,2020-02-11 10:13:59.903962,2.9144323300000003,0,1070.9875344900006,0
356,1812,0.0006908463141778537,2020-02-11 10:17:27.460973,2.0755701099999997,0,1073.0631046000005,0
357,500,0.0006284565314939375,2020-02-11 10:21:37.231096,2.49770123,0,1075.5608058300006,0
358,2300,0.0005027968178327002,2020-02-11 10:25:45.166523,2.47935427,0,1078.0401601000005,1
359,3361,0.0013203812160685064,2020-02-11 10:33:40.922893,4.7575637,0,1082.7977238000005,0
360,4435,0.00031453464858454533,2020-02-11 10:35:45.350505,1.2442761199999999,0,1084.0419999200005,1
361,2800,0.00018867331271961435,2020-02-11 10:44:51.202664,5.45852159,0,1089.5005215100005,1
362,3400,0.00012576243492627218,2020-02-11 10:47:32.105683,1.60903019,0,1091.1095517000006,1
363,1400,0.0030857419239075,2020-02-11 10:52:59.736210,3.27630527,1,1094.3858569700005,0
364,1736,0.0001892326621221099,2020-02-11 10:58:36.656830,3.3692062,0,1097.7550631700005,0
365,4500,0.002463288787009181,2020-02-11 11:02:37.217328,2.40560498,1,1100.1606681500004,0
366,3300,0.0010113141624217966,2020-02-11 11:05:40.394142,1.83176814,0,1101.9924362900003,1
367,7649,0.0001895075966632944,2020-02-11 11:14:32.742350,5.32348208,0,1107.3159183700004,1
368,2426,0.0005051780860153327,2020-02-11 11:15:41.884551,0.69142201,0,1108.0073403800004,1
369,4205,0.0007578628631019169,2020-02-11 11:24:10.218665,5.08334114,0,1113.0906815200003,0
370,1800,0.0008841175189100998,2020-02-11 11:27:32.810667,2.02592002,0,1115.1166015400004,1
371,700,0.00018938796180467644,2020-02-11 11:31:20.571415,2.27760748,0,1117.3942090200003,0
372,5792,0.00044184946276699987,2020-02-11 11:36:34.416019,3.13844604,0,1120.5326550600003,1
373,2700,0.0004418494627670735,2020-02-11 11:44:11.357543,4.5694152400000005,0,1125.1020703000002,0
374,4821,0.00025257308968013053,2020-02-11 11:46:26.621880,1.35264337,0,1126.45471367,0
375,7806,0.00012631047130593116,2020-02-11 11:54:55.082216,5.08460336,0,1131.5393170300001,0
376,3834,0.0009469398769524808,2020-02-11 11:57:12.514426,1.3743220999999999,0,1132.91363913,1
377,7103,0.0017051379293228023,2020-02-11 12:02:13.532831,3.01018405,1,1135.92382318,0
378,6500,0.0011383760399601979,2020-02-11 12:07:51.993869,3.38461038,0,1139.30843356,0
379,7200,0.0010751669125410794,2020-02-11 12:13:08.594385,3.16600516,0,1142.4744387199999,1
380,5100,0.0,2020-02-11 12:18:26.591796,3.17997411,0,1145.65441283,0
381,5045,0.001137153448713026,2020-02-11 12:20:20.958855,1.14367059,0,1146.79808342,1
382,5706,0.00044187735466324465,2020-02-11 12:29:33.664690,5.52705835,0,1152.32514177,1
383,6500,0.0002524137074044484,2020-02-11 12:30:59.909197,0.86244507,0,1153.18758684,1
384,4100,0.00012618296546691255,2020-02-11 12:35:28.038899,2.68129702,0,1155.86888386,1
385,6403,0.0011979447225621037,2020-02-11 12:44:44.686063,5.56647164,0,1161.4353555,1
386,17831,0.001008700123353513,2020-02-11 12:49:33.811814,2.89125751,0,1164.32661301,0
387,27081,0.0008203187082505109,2020-02-11 12:52:49.236393,1.9542457899999999,0,1166.2808588,0
388,49463,0.0012001391075089564,2020-02-11 12:56:14.392837,2.05156444,0,1168.33242324,0
389,3239,0.007054702979890033,2020-02-12 06:33:30.320085,2.91145749,1,1171.24388073,1
390,5944,0.006233295800100504,2020-02-12 06:37:45.297595,2.5497750999999997,1,1173.79365583,0
391,1700,0.0037333545434979835,2020-02-12 06:42:51.408995,3.061114,1,1176.8547698300001,0
392,8523,0.0025390390687484495,2020-02-12 06:47:23.752257,2.7234326199999996,1,1179.5782024500002,0
393,9939,0.00012710517970720308,2020-02-12 06:52:26.466932,3.02714675,0,1182.6053492,1
394,9211,0.004343628522040414,2020-02-12 06:58:37.253785,3.7078685300000003,1,1186.3132177300001,1
395,8260,0.0011066669904060485,2020-02-12 07:04:00.776692,3.23522907,0,1189.5484468000002,1
396,1400,0.00012641425969686543,2020-02-12 07:09:49.998610,3.49221918,0,1193.04066598,0
397,1200,0.0013896787025801179,2020-02-12 07:14:09.881092,2.59882482,0,1195.6394908,1
398,2002,0.0008833365455443233,2020-02-12 07:18:28.387808,2.58506716,0,1198.22455796,1
399,2725,0.0009464618809185944,2020-02-12 07:22:05.831070,2.17443262,0,1200.3989905800001,0
400,3200,0.0003155868363365289,2020-02-12 07:27:22.054353,3.1622328299999998,0,1203.5612234100001,1
401,3020,0.0006312732991659659,2020-02-12 07:33:43.998004,3.81943651,0,1207.3806599200002,0
402,3100,6.314526570455883e-05,2020-02-12 07:38:56.073718,3.1207571400000003,0,1210.5014170600002,1
403,9818,0.00012627857069435447,2020-02-12 07:44:02.167221,3.06093503,0,1213.5623520900003,1
404,800,0.0015141003460350823,2020-02-12 07:46:24.131356,1.41964135,0,1214.9819934400002,1
405,1400,0.0008191814945008247,2020-02-12 07:53:23.480218,4.19348862,0,1219.1754820600001,1
406,1220,6.29901420635958e-05,2020-02-12 07:58:49.123666,3.25643448,0,1222.4319165400002,0
407,1500,0.0012590495840106711,2020-02-12 08:03:30.968084,2.81844418,0,1225.2503607200001,1
408,1600,0.0005031763110128701,2020-02-12 08:05:34.765889,1.23797805,0,1226.4883387700002,1
409,1041,0.0019474202843956288,2020-02-12 08:14:06.021030,5.11255141,1,1231.60089018,1
410,1200,0.001067470510457063,2020-02-12 08:18:24.779707,2.5875867699999997,0,1234.18847695,0
411,1500,0.00200841089289973,2020-02-12 08:20:24.579472,1.19799765,1,1235.3864746,1
412,700,0.0,2020-02-12 08:25:06.520456,2.81940984,0,1238.2058844399999,0
413,1895,0.001127961016947153,2020-02-12 08:34:41.772575,5.7525211899999995,0,1243.9584056299998,1
414,1107,0.0,2020-02-12 08:39:59.362302,3.1758972699999997,0,1247.1343028999997,0
415,2600,0.0011906628384556418,2020-02-12 08:44:19.825471,2.6046316899999997,0,1249.7389345899996,0
416,554,0.00018809367120247515,2020-02-12 08:46:07.189963,1.07364492,0,1250.8125795099998,1
417,3040,0.00043894027981751537,2020-02-12 08:53:32.816937,4.45626974,0,1255.2688492499997,0
418,524,6.271755152729529e-05,2020-02-12 08:57:36.018019,2.4320108200000004,0,1257.7008600699996,1
419,800,0.0005642810269168818,2020-02-12 09:03:26.776597,3.50758578,0,1261.2084458499996,1
420,1700,6.26782412691882e-05,2020-02-12 09:08:45.949733,3.19173136,0,1264.4001772099996,1
421,1104,0.0003761283895897759,2020-02-12 09:10:28.141324,1.02191591,0,1265.4220931199995,0
422,2501,0.0007521153598042364,2020-02-12 09:19:54.444069,5.6630274499999995,0,1271.0851205699996,1
423,400,0.0006580699985225303,2020-02-12 09:24:29.945887,2.75501818,0,1273.8401387499996,0
424,2200,0.0002194047870388165,2020-02-12 09:28:27.710386,2.37764499,0,1276.2177837399995,1
425,6500,0.0013780146245762626,2020-02-12 09:31:31.990571,1.8428018499999999,0,1278.0605855899994,1
426,12860,0.0005006257926837014,2020-02-12 09:36:10.788173,2.78797602,0,1280.8485616099995,1
427,800,0.00015641863916398207,2020-02-12 09:40:03.977944,2.3318977100000002,0,1283.1804593199995,0
428,4301,0.0002816152215992195,2020-02-12 09:46:35.583702,3.91605758,0,1287.0965168999994,0
429,1510,6.258801441553186e-05,2020-02-12 09:53:52.581062,4.3699736,0,1291.4664904999995,1
430,4359,0.0008758211382487804,2020-02-12 09:59:46.226295,3.5364523300000004,0,1295.0029428299995,1
431,5208,6.252931063495564e-05,2020-02-12 10:02:51.457879,1.85231584,0,1296.8552586699996,1
432,1000,0.001564406939625516,2020-02-12 10:05:06.105413,1.34647534,0,1298.2017340099997,0
433,200,0.0002505323826208846,2020-02-12 10:13:45.063953,5.1895853999999995,0,1303.3913194099996,0
434,300,0.0008146639961763357,2020-02-12 10:18:46.327339,3.01263386,0,1306.4039532699996,0
435,1200,0.0002507994244758397,2020-02-12 10:23:13.755412,2.67428073,0,1309.0782339999996,0
436,700,0.0005645287902788281,2020-02-12 10:28:46.146655,3.3239124299999996,0,1312.4021464299997,0
437,1948,0.0003763879349373,2020-02-12 10:33:45.687513,2.9954085800000003,0,1315.3975550099997,1
438,600,0.00031364677357779665,2020-02-12 10:35:51.454684,1.25767171,0,1316.6552267199997,0
439,1705,0.0007217611284095129,2020-02-12 10:44:33.115071,5.21660387,0,1321.8718305899997,0
440,1600,0.0002197698704354442,2020-02-12 10:49:53.415704,3.20300633,0,1325.0748369199998,0
441,1100,0.0005653444040146603,2020-02-12 10:53:12.408953,1.98993249,0,1327.0647694099998,0
442,900,0.0008792865784449265,2020-02-12 10:57:58.351488,2.8594253500000004,0,1329.9241947599999,1
443,1600,0.000879286578445034,2020-02-12 11:01:44.412290,2.26060802,0,1332.18480278,0
444,1441,3.141739581456896e-05,2020-02-12 11:08:18.823415,3.94411125,0,1336.12891403,0
445,1620,0.0005339615360473269,2020-02-12 11:13:10.195158,2.9137174299999997,0,1339.04263146,1
446,2281,0.00037688442657163936,2020-02-12 11:15:02.473220,1.1227806200000001,0,1340.16541208,0
447,2304,0.0,2020-02-12 11:20:45.853530,3.4338031,0,1343.5992151799999,0
448,1900,0.0006284565314939375,2020-02-12 11:28:17.178925,4.51325395,0,1348.11246913,0
449,1720,0.0005656286484587532,2020-02-12 11:32:51.347272,2.74168347,0,1350.8541526,1
450,1500,0.000251287851554792,2020-02-12 11:35:11.297815,1.39950543,0,1352.25365803,1
451,4027,0.0,2020-02-12 11:41:51.391660,4.00093845,0,1356.25459648,0
452,1500,0.0008162496921349578,2020-02-12 11:46:41.410919,2.9001925899999996,0,1359.1547890699999,1
453,3000,0.0,2020-02-12 11:54:43.453917,4.82042998,0,1363.9752190499999,0
454,2000,0.00012553351761411565,2020-02-12 11:57:14.390797,1.5093688,0,1365.4845878499998,0
455,1399,0.0001255492782566449,2020-02-12 12:04:09.302706,4.14911909,0,1369.63370694,0
456,2510,0.00018835347724810206,2020-02-12 12:09:15.456647,3.06153941,0,1372.69524635,0
457,2021,0.0005338609262096094,2020-02-12 12:12:37.011534,2.01554887,0,1374.71079522,0
458,1800,6.282196257868424e-05,2020-02-12 12:15:44.098805,1.8708727099999998,0,1376.5816679299999,1
459,1600,0.0007849417191356653,2020-02-12 12:20:39.012148,2.94913343,0,1379.53080136,1
460,2923,0.00037669513253075235,2020-02-12 12:29:18.008241,5.18996093,0,1384.72076229,0
461,3587,0.0006277464110725616,2020-02-12 12:30:27.016369,0.69008128,0,1385.41084357,1
462,3920,6.27569111253797e-05,2020-02-12 12:37:26.302292,4.19285923,0,1389.6037028,0
463,5088,0.0005646704670540016,2020-02-12 12:40:51.018409,2.04716117,0,1391.65086397,1
464,10675,0.000376411547731672,2020-02-12 12:47:12.275381,3.8125697200000004,0,1395.46343369,0
465,23087,0.0012541545507934965,2020-02-12 12:54:03.308023,4.11032642,0,1399.5737601100002,1
466,78651,0.0003133912088076286,2020-02-12 12:56:09.887657,1.26579634,0,1400.8395564500001,0
467,2653,0.005276394150895544,2020-02-13 06:34:00.162756,4.9004182300000005,1,1405.7399746800002,1
468,800,0.0023834923157463324,2020-02-13 06:39:22.375099,3.22212343,1,1408.9620981100002,0
469,2906,0.00031394217443026195,2020-02-13 06:43:43.904558,2.6152945899999995,0,1411.5773927000002,1
470,200,0.0007536268647839455,2020-02-13 06:47:18.489147,2.14584589,0,1413.7232385900002,0
471,1200,0.0010047096606546826,2020-02-13 06:54:20.976446,4.22487299,0,1417.9481115800002,1
472,2399,0.001507443285269182,2020-02-13 06:56:48.395951,1.4741950499999998,0,1419.42230663,0
473,6107,0.0013819097676550415,2020-02-13 07:04:33.675945,4.6527999399999995,0,1424.0751065700001,1
474,3268,6.276872863993863e-05,2020-02-13 07:06:57.148260,1.4347231500000002,0,1425.5098297200002,1
475,1982,0.0020065218670895224,2020-02-13 07:12:43.589304,3.46441044,1,1428.9742401600001,1
476,1337,0.0005012531433271878,2020-02-13 07:18:09.960513,3.2637120900000003,0,1432.23795225,0
477,1838,0.0009396436310121728,2020-02-13 07:22:50.982474,2.81021961,0,1435.0481718600001,1
478,1815,0.00018785810506424043,2020-02-13 07:25:59.008198,1.88025724,0,1436.9284291000001,0
479,1700,0.0010640629426966009,2020-02-13 07:30:23.454338,2.6444614,0,1439.5728905,1
480,2958,0.00018769355953377511,2020-02-13 07:36:45.519474,3.82065136,0,1443.3935418600001,0
481,2705,0.002811711059167478,2020-02-13 07:41:03.674050,2.58154576,1,1445.97508762,1
482,3492,0.0016832396979465918,2020-02-13 07:48:26.307544,4.42633494,1,1450.4014225600001,1
483,4423,0.0013713148069308633,2020-02-13 07:52:39.972420,2.53664876,0,1452.93807132,0
484,8143,0.0009351913147685462,2020-02-13 07:58:58.637967,3.78665547,0,1456.72472679,1
485,1862,0.001681143573304016,2020-02-13 08:02:50.603505,2.31965538,1,1459.04438217,1
486,2950,0.0015540984696306953,2020-02-13 08:06:32.722864,2.22119359,1,1461.26557576,1
487,1763,0.00018636434282858036,2020-02-13 08:13:25.915498,4.13192634,0,1465.3975021,0
488,5710,0.0004968944201615266,2020-02-13 08:19:31.845980,3.65930482,0,1469.05680692,1
489,1613,0.0008075788604771748,2020-02-13 08:23:23.932902,2.32086922,0,1471.3776761400002,0
490,4391,0.0001864222469280158,2020-02-13 08:29:34.722009,3.70789107,0,1475.0855672100001,1
491,1100,0.0011798678674909725,2020-02-13 08:33:22.627844,2.27905835,0,1477.3646255600001,1
492,1400,0.0011177348406605173,2020-02-13 08:36:37.625766,1.94997922,0,1479.31460478,0
493,6182,0.0002484935093859832,2020-02-13 08:40:34.503133,2.36877367,0,1481.6833784500002,1
494,4734,0.0009313010948467606,2020-02-13 08:47:51.640037,4.37136904,0,1486.0547474900002,1
495,2800,0.00012412337879759352,2020-02-13 08:53:15.905736,3.24265699,0,1489.29740448,0
496,1400,0.0003723239261132119,2020-02-13 08:59:21.506436,3.6560070000000002,0,1492.95341148,1
497,510,0.0011161407495910236,2020-02-13 09:02:07.790594,1.6628415799999998,0,1494.6162530600002,1
498,1504,0.0004337185234815091,2020-02-13 09:05:15.191230,1.8740063599999999,0,1496.4902594200003,1
499,2507,0.00043353049327330513,2020-02-13 09:13:55.815971,5.20624741,0,1501.6965068300003,1
500,500,0.0008052777094502895,2020-02-13 09:18:16.001928,2.60185957,0,1504.2983664000003,0
501,2300,0.0001239310944699853,2020-02-13 09:24:09.554717,3.53552789,0,1507.8338942900002,1
502,2000,0.0011779659752031546,2020-02-13 09:28:27.276978,2.57722261,0,1510.4111169000003,0
503,3050,0.0003101256033540816,2020-02-13 09:33:09.209307,2.81932329,0,1513.2304401900003,1
504,1491,0.0011156564935560676,2020-02-13 09:36:29.283693,2.00074386,0,1515.2311840500004,1
505,1000,0.0003716090715376078,2020-02-13 09:42:54.866621,3.85582928,0,1519.0870133300004,1
506,3200,0.00018578727410612568,2020-02-13 09:48:36.165762,3.41299141,0,1522.5000047400003,0
507,4117,0.0002477086958417554,2020-02-13 09:54:41.041032,3.6487527,0,1526.1487574400003,1
508,2860,0.002169534401264355,2020-02-13 09:58:01.618796,2.00577764,1,1528.1545350800002,0
509,507,0.00031022181108092357,2020-02-13 10:00:46.833245,1.65214449,0,1529.8066795700001,1
510,6326,0.0004341489198965434,2020-02-13 10:05:12.324957,2.65491712,0,1532.46159669,1
511,2304,0.0001860407434593357,2020-02-13 10:10:54.463253,3.4213829600000003,0,1535.8829796500002,0
512,600,0.0005580184290875158,2020-02-13 10:18:16.125750,4.41662497,0,1540.29960462,1
513,2663,0.0006196554913854616,2020-02-13 10:24:42.587497,3.86461747,0,1544.16422209,1
514,900,0.0003097797490775884,2020-02-13 10:26:10.304382,0.87716885,0,1545.0413909400002,0
515,1300,0.0009290515053062224,2020-02-13 10:32:26.214642,3.7591026,0,1548.8004935400002,1
516,2098,0.0001238236752448955,2020-02-13 10:35:59.354572,2.1313993,0,1550.9318928400003,0
517,2833,0.0001857297637283681,2020-02-13 10:41:48.960678,3.49606106,0,1554.4279539000004,1
518,3600,0.001793611514643857,2020-02-13 10:49:26.341186,4.5738050800000005,1,1559.0017589800004,1
519,1600,0.0004944681477841745,2020-02-13 10:53:45.387433,2.59046247,0,1561.5922214500004,0
520,3619,0.0008651588724044423,2020-02-13 10:56:06.737895,1.4135046199999999,0,1563.0057260700003,1
521,1530,0.0007415189118116674,2020-02-13 11:04:52.357393,5.25619498,0,1568.2619210500002,0
522,2800,0.0008348665471547496,2020-02-13 11:09:29.937880,2.77580487,0,1571.0377259200002,0
523,2100,0.0005257379781222498,2020-02-13 11:11:34.578195,1.24640315,0,1572.2841290700003,1
524,1000,0.0011124159110193054,2020-02-13 11:18:30.921163,4.16342968,0,1576.4475587500003,1
525,2904,0.0008651054114282626,2020-02-13 11:21:25.470030,1.74548867,0,1578.1930474200003,0
526,3608,0.00024731049959110827,2020-02-13 11:25:47.964764,2.62494734,0,1580.8179947600004,0
527,900,0.00018552302084685361,2020-02-13 11:30:14.719271,2.66754507,0,1583.4855398300003,0
528,2224,6.184483133796131e-05,2020-02-13 11:38:38.948604,5.04229333,0,1588.5278331600002,1
529,5038,0.0011757063326393528,2020-02-13 11:41:32.912960,1.7396435600000002,0,1590.2674767200003,0
530,7126,0.0004952027337348201,2020-02-13 11:45:39.283902,2.4637094200000003,0,1592.7311861400003,1
531,2000,0.0004331013215418444,2020-02-13 11:53:29.149460,4.6986555800000005,0,1597.4298417200002,1
532,3600,0.0003093389451461263,2020-02-13 11:57:48.845115,2.59695655,0,1600.0267982700002,0
533,3100,0.0010524687552534032,2020-02-13 12:00:01.470811,1.32625696,0,1601.35305523,0
534,2200,0.0008049286834402624,2020-02-13 12:09:37.804177,5.76333366,0,1607.11638889,1
535,1400,0.0011146892410081404,2020-02-13 12:11:11.239644,0.93435467,0,1608.05074356,0
536,2952,0.0001858678484950961,2020-02-13 12:17:15.481384,3.6424174,0,1611.6931609600001,1
537,2697,0.00012390806037770562,2020-02-13 12:22:11.257414,2.9577603,0,1614.6509212600001,0
538,6577,0.0,2020-02-13 12:29:04.375578,4.131181639999999,0,1618.7821029000002,0
539,4273,0.0006817689067573231,2020-02-13 12:33:54.109443,2.89733865,0,1621.67944155,0
540,4300,0.0016726037661209572,2020-02-13 12:36:44.160534,1.7005109100000002,1,1623.3799524600001,1
541,4694,0.0013626511863837878,2020-02-13 12:41:23.234254,2.7907371999999997,0,1626.17068966,0
542,10951,0.0006815576954558888,2020-02-13 12:49:55.837713,5.126034590000001,0,1631.2967242500001,1
543,21687,0.00024772403669154423,2020-02-13 12:54:09.152372,2.53314659,0,1633.82987084,1
544,85784,0.0007433562877147927,2020-02-13 12:58:22.508143,2.53355771,0,1636.36342855,0
545,2901,0.0066441339464996885,2020-02-14 06:33:27.518718,2.3968581,1,1638.76028665,1
546,3400,0.0006742468611800324,2020-02-14 06:39:13.218871,3.45700153,0,1642.21728818,1
547,1100,0.003929278139889438,2020-02-14 06:43:54.973872,2.8175500099999997,1,1645.03483819,0
548,2200,6.151385601544626e-05,2020-02-14 06:48:00.598075,2.45624203,0,1647.4910802200002,1
549,1765,0.0006764027928913215,2020-02-14 06:51:06.126917,1.85528842,0,1649.3463686400003,1
550,14220,0.0,2020-02-14 06:55:43.765769,2.77638852,0,1652.1227571600002,0
551,2300,0.003681437462565624,2020-02-14 07:03:43.432911,4.79667142,1,1656.9194285800002,1
552,2800,0.0025755824626039724,2020-02-14 07:08:56.324418,3.1289150699999997,1,1660.04834365,0
553,3300,0.0020855064910211395,2020-02-14 07:14:21.337107,3.25012689,1,1663.2984705400002,1
554,3600,0.00024506800759852053,2020-02-14 07:17:11.106232,1.69769125,0,1664.99616179,1
555,3000,0.0017781052540345,2020-02-14 07:21:17.127947,2.46021715,1,1667.4563789400001,0
556,2797,0.0007361511896153733,2020-02-14 07:28:31.808677,4.3468073,0,1671.80318624,1
557,1793,0.0,2020-02-14 07:34:55.205589,3.83396912,0,1675.63715536,0
558,3300,0.0010430408651863215,2020-02-14 07:36:04.554708,0.69349119,0,1676.33064655,0
559,2300,0.0019011995546051126,2020-02-14 07:43:36.087760,4.51533052,1,1680.84597707,1
560,2318,0.002386709006042167,2020-02-14 07:48:10.909308,2.7482154800000003,1,1683.59419255,1
561,5592,0.0014680697522911619,2020-02-14 07:54:10.788944,3.59879636,0,1687.19298891,0
562,6248,0.0018958511014369774,2020-02-14 07:59:12.242703,3.0145375899999998,1,1690.2075264999999,1
563,2856,0.00012218963847075064,2020-02-14 08:04:59.132062,3.46889359,0,1693.67642009,1
564,3100,0.002440662630795703,2020-02-14 08:06:30.294754,0.9116269200000001,1,1694.5880470099999,1
565,1740,0.0010365538564147318,2020-02-14 08:14:05.513657,4.55218903,0,1699.1402360399998,0
566,2200,6.100722937559711e-05,2020-02-14 08:15:30.395027,0.8488137,0,1699.9890497399997,0
567,2600,0.002321036956969465,2020-02-14 08:23:53.664418,5.03269391,1,1705.0217436499997,0
568,2200,0.00012229424009373155,2020-02-14 08:27:50.045652,2.36381234,0,1707.3855559899998,1
569,1401,0.00012227928604132587,2020-02-14 08:34:40.146773,4.101011209999999,0,1711.4865671999999,1
570,2403,0.0004892068831130695,2020-02-14 08:37:10.777352,1.50630579,0,1712.9928729899998,0
571,3684,0.000550643961418657,2020-02-14 08:41:24.749448,2.53972096,0,1715.5325939499999,0
572,700,0.0007959102878293849,2020-02-14 08:45:54.554197,2.69804749,0,1718.2306414399998,0
573,1000,0.000122488976145099,2020-02-14 08:53:19.865203,4.45311006,0,1722.6837514999997,1
574,800,0.0005510147995048465,2020-02-14 08:56:54.055791,2.14190588,0,1724.8256573799997,1
575,2793,0.0001836041499695853,2020-02-14 09:04:09.611851,4.3555606000000004,0,1729.1812179799997,1
576,1200,0.00045886294569186356,2020-02-14 09:09:39.920660,3.30308809,0,1732.4843060699998,1
577,1900,0.00045886294569199475,2020-02-14 09:12:14.960049,1.55039389,0,1734.0346999599997,0
578,4126,0.00018360414996960623,2020-02-14 09:19:24.552336,4.29592287,0,1738.3306228299996,0
579,300,0.000367309462348268,2020-02-14 09:23:03.755189,2.19202853,0,1740.5226513599996,0
580,1100,6.123136272300143e-05,2020-02-14 09:28:22.130357,3.18375168,0,1743.7064030399995,0
581,2500,0.0009180769993317112,2020-02-14 09:30:39.068467,1.3693811,0,1745.0757841399995,1
582,2400,0.0006115834084579666,2020-02-14 09:35:34.716666,2.95648199,0,1748.0322661299995,1
583,1318,0.00024458848110185525,2020-02-14 09:42:43.005289,4.28288623,0,1752.3151523599995,0
584,1603,0.0,2020-02-14 09:49:12.794465,3.89789176,0,1756.2130441199995,0
585,2200,0.0009789525989841602,2020-02-14 09:53:46.836862,2.74042397,0,1758.9534680899994,0
586,3839,0.0002448879649805806,2020-02-14 09:59:55.532341,3.6869547899999997,0,1762.6404228799995,0
587,2600,0.0,2020-02-14 10:02:52.646761,1.7711442,0,1764.4115670799995,0
588,700,0.0002449479497855667,2020-02-14 10:09:58.971013,4.26324252,0,1768.6748095999994,0
589,1100,0.00012249647837947353,2020-02-14 10:14:02.973519,2.44002506,0,1771.1148346599994,0
590,4507,0.0009805123962417057,2020-02-14 10:19:41.042770,3.3806925100000003,0,1774.4955271699994,0
591,600,0.0007967395389754079,2020-02-14 10:22:30.330048,1.6928727799999999,0,1776.1883999499994,1
592,3817,0.0002450229721295305,2020-02-14 10:25:49.751144,1.99421096,0,1778.1826109099993,1
593,2107,0.0004901059952298453,2020-02-14 10:33:23.389358,4.53638214,0,1782.7189930499992,0
594,2000,0.00018385169348559147,2020-02-14 10:38:30.502090,3.07112732,0,1785.7901203699992,0
595,3622,6.129141002798514e-05,2020-02-14 10:40:18.797115,1.08295025,0,1786.8730706199992,0
596,2300,0.00042914508827696953,2020-02-14 10:45:21.758222,3.02961107,0,1789.9026816899993,0
597,3316,0.001042976872974781,2020-02-14 10:53:20.128961,4.78370739,0,1794.6863890799993,0
598,2000,0.0003683693558355046,2020-02-14 10:58:29.705378,3.09576417,0,1797.7821532499993,0
599,2780,0.0010433609440688735,2020-02-14 11:00:13.639390,1.0393401199999999,0,1798.8214933699992,1
600,3200,0.000919709436667569,2020-02-14 11:08:18.943282,4.85303892,0,1803.6745322899992,1
601,3930,0.001349196819408472,2020-02-14 11:13:01.536044,2.82592762,0,1806.500459909999,0
602,1600,6.137040107478547e-05,2020-02-14 11:16:55.917869,2.34381825,0,1808.844278159999,0
603,3217,0.0008588430685570916,2020-02-14 11:24:26.752278,4.50834409,0,1813.352622249999,1
604,3721,0.00018394187488642675,2020-02-14 11:28:43.999997,2.5724771900000003,0,1815.925099439999,1
605,3800,0.000796690711665966,2020-02-14 11:32:30.157873,2.26157876,0,1818.186678199999,1
606,2745,0.00012251148560493962,2020-02-14 11:37:10.639303,2.8048143,0,1820.9914924999991,1
607,2489,0.0006433528092866131,2020-02-14 11:44:35.577798,4.44938495,0,1825.440877449999,0
608,2403,0.00033704594868124517,2020-02-14 11:48:06.259629,2.10681831,0,1827.5476957599992,1
609,3402,0.000612895336665449,2020-02-14 11:52:44.480770,2.78221141,0,1830.3299071699992,0
610,2700,0.00012260912227211632,2020-02-14 11:59:23.133013,3.98652243,0,1834.316429599999,1
611,2300,0.0003677371946320241,2020-02-14 12:04:47.932479,3.24799466,0,1837.564424259999,1
612,3300,0.000949362314249069,2020-02-14 12:05:28.961929,0.41029449999999995,0,1837.974718759999,1
613,5180,0.0008268132944876975,2020-02-14 12:13:20.765792,4.71803863,0,1842.6927573899989,0
614,3450,0.0012261665444061177,2020-02-14 12:19:19.653767,3.58887975,0,1846.2816371399988,0
615,3896,0.000919765831159362,2020-02-14 12:22:36.595875,1.9694210799999998,0,1848.2510582199989,1
616,9015,0.0017789778638882489,2020-02-14 12:25:59.035975,2.024401,1,1850.2754592199988,0
617,6806,0.0016563912869648851,2020-02-14 12:31:03.734317,3.04698342,1,1853.3224426399988,1
618,3915,0.00012258657692336468,2020-02-14 12:37:22.573453,3.78839136,0,1857.110833999999,1
619,6700,0.0003064946234186016,2020-02-14 12:41:33.704237,2.51130784,0,1859.622141839999,0
620,14075,0.0007354293400045577,2020-02-14 12:48:17.404891,4.03700654,0,1863.659148379999,1
621,22189,0.0006736687641860492,2020-02-14 12:52:22.216012,2.44811121,0,1866.1072595899989,1
622,80856,6.122011694945182e-05,2020-02-14 12:59:50.896967,4.48680955,0,1870.594069139999,1
623,3822,0.004522129436944458,2020-02-18 06:33:23.530538,3.12087,1,1873.714939139999,0
624,1316,0.0017746233583684796,2020-02-18 06:36:26.789423,1.8325888499999998,1,1875.547527989999,1
625,10158,0.0,2020-02-18 06:41:49.310941,3.22521518,0,1878.772743169999,0
626,1500,0.0023206117284429763,2020-02-18 06:46:47.291168,2.97980227,1,1881.752545439999,1
627,5905,0.0005491320800610209,2020-02-18 06:50:43.279060,2.35987892,0,1884.112424359999,0
628,4738,0.0032294455755304207,2020-02-18 06:57:40.334165,4.17055105,1,1888.2829754099992,1
629,5117,0.0012783444139271311,2020-02-18 07:04:59.496294,4.39162129,0,1892.6745966999993,0
630,7426,0.0016459905566426785,2020-02-18 07:07:15.484816,1.3598852199999998,0,1894.0344819199993,0
631,3778,0.0010976280143411505,2020-02-18 07:10:45.908208,2.10423392,0,1896.1387158399993,1
632,9486,0.0001828209274113552,2020-02-18 07:17:53.752183,4.27843975,0,1900.4171555899993,1
633,4800,0.0008534504297595071,2020-02-18 07:22:13.614786,2.5986260299999997,0,1903.0157816199994,0
634,2155,0.0003049803311328375,2020-02-18 07:26:04.841624,2.31226838,0,1905.3280499999994,0
635,1949,0.0009146620961466857,2020-02-18 07:30:27.892679,2.6305105500000003,0,1907.9585605499994,1
636,5140,0.0009756693255223256,2020-02-18 07:35:24.821793,2.96929114,0,1910.9278516899994,0
637,3280,0.0017067971226677613,2020-02-18 07:42:58.354240,4.53532447,1,1915.4631761599994,1
638,1700,0.00036536354078338314,2020-02-18 07:47:34.374137,2.7601989700000003,0,1918.2233751299993,1
639,3870,0.0017671617285830795,2020-02-18 07:53:50.664504,3.76290367,1,1921.9862787999994,0
640,2795,0.0019536025749391,2020-02-18 07:57:23.991106,2.13326602,1,1924.1195448199994,0
641,1990,0.0013435116524709483,2020-02-18 08:02:17.762284,2.9377117800000003,0,1927.0572565999994,1
642,2691,0.0009158348474183727,2020-02-18 08:07:25.122626,3.07360342,0,1930.1308600199993,0
643,1425,0.0003053714867837971,2020-02-18 08:10:42.397928,1.97275302,0,1932.1036130399993,1
644,5100,9.15932649059539e-05,2020-02-18 08:16:42.150054,3.5975212599999997,0,1935.7011342999992,1
645,2200,0.0004578405268833804,2020-02-18 08:20:25.906053,2.23755999,0,1937.9386942899991,1
646,2700,0.0011602700455879851,2020-02-18 08:28:35.467525,4.89561472,0,1942.834309009999,0
647,4200,0.0005497694161256171,2020-02-18 08:33:54.628704,3.19161179,0,1946.025920799999,1
648,2200,0.00030529690360776325,2020-02-18 08:35:21.899281,0.87270577,0,1946.8986265699991,1
649,3500,0.0006717762627059256,2020-02-18 08:44:55.110094,5.73210813,0,1952.630734699999,0
650,4101,0.0005496686857789174,2020-02-18 08:46:26.510976,0.9140088199999999,0,1953.544743519999,1
651,6015,0.0006107616387258271,2020-02-18 08:52:44.961670,3.78450694,0,1957.329250459999,0
652,4013,0.0027530530373727404,2020-02-18 08:57:06.831435,2.6186976499999997,1,1959.947948109999,0
653,1500,0.001839588451079992,2020-02-18 09:00:09.425183,1.8259374800000001,1,1961.773885589999,0
654,3328,0.0005525370800855884,2020-02-18 09:05:26.940074,3.17514891,0,1964.949034499999,0
655,1600,0.0011047690315333732,2020-02-18 09:10:38.604802,3.1166472800000005,0,1968.065681779999,1
656,2413,0.0022107599276822857,2020-02-18 09:16:16.156404,3.37551602,1,1971.4411977999991,0
657,2668,0.0010456713239442193,2020-02-18 09:21:38.291616,3.22135212,0,1974.662549919999,0
658,2500,0.0004307029754321374,2020-02-18 09:29:24.992339,4.667007229999999,0,1979.3295571499991,1
659,3200,0.0004307029754321793,2020-02-18 09:33:40.917559,2.5592522,0,1981.888809349999,0
660,1800,0.0018445652057334917,2020-02-18 09:38:21.321857,2.8040429799999997,1,1984.6928523299991,1
661,1011,6.142694802157406e-05,2020-02-18 09:41:41.787949,2.00466092,0,1986.6975132499992,1
662,1300,0.000982318350110486,2020-02-18 09:45:37.540496,2.35752547,0,1989.0550387199992,1
663,900,0.000920895175127227,2020-02-18 09:50:50.785041,3.13244545,0,1992.1874841699992,0
664,3200,0.0010436171486504695,2020-02-18 09:56:21.551078,3.30766037,0,1995.495144539999,1
665,1100,0.0025803295019566044,2020-02-18 10:00:28.881526,2.47330448,1,1997.968449019999,0
666,1766,0.0019051721953523499,2020-02-18 10:08:01.131780,4.52250254,1,2002.490951559999,1
667,700,0.000675613451980285,2020-02-18 10:13:05.176863,3.0404508299999997,0,2005.5314023899991,0
668,1900,0.000737553813398088,2020-02-18 10:18:06.039475,3.00862612,0,2008.540028509999,0
669,2800,0.0014131672653783067,2020-02-18 10:21:47.546308,2.21506833,0,2010.755096839999,1
670,2000,0.0004913099650509375,2020-02-18 10:25:17.523556,2.09977248,0,2012.854869319999,0
671,2400,0.00039920773150650874,2020-02-18 10:33:45.834190,5.08310634,0,2017.937975659999,1
672,1900,0.0003377807834850916,2020-02-18 10:35:01.923438,0.76089248,0,2018.698868139999,0
673,3319,0.0014137753223074636,2020-02-18 10:44:06.548173,5.44624735,0,2024.145115489999,0
674,5316,0.00043067647634036847,2020-02-18 10:45:35.804063,0.8925588999999999,0,2025.037674389999,0
675,3354,0.0005539995832806756,2020-02-18 10:51:13.066129,3.37262066,0,2028.410295049999,0
676,3500,0.0014766507328491168,2020-02-18 10:58:16.157383,4.23091254,0,2032.6412075899989,1
677,2000,6.147981926869402e-05,2020-02-18 11:03:23.254830,3.07097447,0,2035.712182059999,1
678,1931,0.0011059908961489019,2020-02-18 11:08:34.389734,3.11134904,0,2038.823531099999,1
679,4300,0.0004914005012889915,2020-02-18 11:13:34.544562,3.00154828,0,2041.825079379999,0
680,3400,0.0007984032360243375,2020-02-18 11:19:11.578083,3.37033521,0,2045.1954145899988,1
681,1519,0.0012270692993129233,2020-02-18 11:23:54.439465,2.8286138199999997,0,2048.0240284099987,1
682,2400,0.0008587903852559319,2020-02-18 11:27:03.214165,1.887747,0,2049.911775409999,0
683,4203,0.0006138735613280238,2020-02-18 11:31:29.412946,2.66198781,0,2052.573763219999,0
684,3600,0.0006142506335638661,2020-02-18 11:36:30.585356,3.0117241000000003,0,2055.5854873199987,0
685,3900,0.00043001505715310057,2020-02-18 11:44:35.787681,4.852023249999999,0,2060.4375105699987,1
686,3500,0.0004914608773203506,2020-02-18 11:49:44.155153,3.0836747200000003,0,2063.521185289999,0
687,4531,0.0003071913519071081,2020-02-18 11:53:53.140914,2.48985761,0,2066.0110428999988,1
688,3500,0.00012285012300474788,2020-02-18 11:58:19.578789,2.66437875,0,2068.675421649999,1
689,3019,0.0007981581390724529,2020-02-18 12:02:34.548640,2.5496985100000003,0,2071.225120159999,1
690,6980,6.137416763208047e-05,2020-02-18 12:05:19.132007,1.64583367,0,2072.8709538299986,0
691,5408,0.000674908759550939,2020-02-18 12:11:12.786703,3.53654696,0,2076.4075007899987,1
692,5100,0.0008590538664151856,2020-02-18 12:15:53.508419,2.80721716,0,2079.214717949999,0
693,5319,0.0012269940189687377,2020-02-18 12:24:50.329855,5.36821436,0,2084.582932309999,1
694,5972,0.0007666948163651357,2020-02-18 12:29:46.573921,2.96244066,0,2087.545372969999,0
695,9678,0.0008286911758248912,2020-02-18 12:33:09.525516,2.02951595,0,2089.574888919999,0
696,5500,0.0006142883662668499,2020-02-18 12:35:31.162599,1.41637083,0,2090.991259749999,0
697,11523,0.0007985013169581588,2020-02-18 12:43:21.210509,4.7004791,0,2095.6917388499987,1
698,16515,0.0012287278071074301,2020-02-18 12:48:44.437648,3.23227139,0,2098.9240102399986,0
699,22767,0.0009216873674696792,2020-02-18 12:54:31.382002,3.46944354,0,2102.3934537799987,1
700,63124,0.0006139866343801551,2020-02-18 12:58:54.979038,2.63597036,0,2105.029424139999,1
701,8892,0.0036848028644975673,2020-02-19 06:31:42.611331,3.22527814,1,2108.2547022799986,1
702,4400,0.0020521494406123557,2020-02-19 06:36:12.851747,2.70240416,1,2110.9571064399984,0
703,3000,0.0011486263089175034,2020-02-19 06:44:45.678933,5.12827186,0,2116.0853782999984,0
704,4051,0.00030248949079669855,2020-02-19 06:45:08.213419,0.22534486,0,2116.3107231599984,0
705,3700,0.0009676444661898241,2020-02-19 06:51:28.727529,3.8051411,0,2120.1158642599985,1
706,4066,0.0005744259677548377,2020-02-19 06:57:31.768216,3.63040687,0,2123.7462711299986,0
707,1423,0.0016646744866316043,2020-02-19 07:02:16.217567,2.84449351,1,2126.5907646399987,0
708,5859,0.001210947108499964,2020-02-19 07:08:29.133214,3.72915647,0,2130.3199211099986,1
709,3000,0.0008467913165527489,2020-02-19 07:13:03.949947,2.74816733,0,2133.0680884399985,1
710,5420,0.0009073038577953458,2020-02-19 07:18:27.230522,3.23280575,0,2136.3008941899984,0
711,3700,0.0019345873877239135,2020-02-19 07:20:56.523066,1.4929254399999998,1,2137.7938196299983,1
712,3290,0.00033213062096707326,2020-02-19 07:25:34.623124,2.7810005799999997,0,2140.5748202099985,1
713,4048,0.000634163303199032,2020-02-19 07:30:19.893685,2.8527056099999997,0,2143.4275258199987,0
714,2000,0.001026539143918128,2020-02-19 07:39:52.252640,5.723589550000001,0,2149.1511153699985,1
715,2084,0.00295296565562945,2020-02-19 07:42:43.952291,1.71699651,1,2150.8681118799987,1
716,3354,0.002048070109311136,2020-02-19 07:47:29.448776,2.85496485,1,2153.723076729999,0
717,6592,0.0013859180911376043,2020-02-19 07:50:54.669931,2.05221155,0,2155.7752882799987,1
718,2445,0.0011146090232287064,2020-02-19 07:58:22.874883,4.48204952,0,2160.257337799999,0
719,5406,0.000210967285784159,2020-02-19 08:04:36.037784,3.73162901,0,2163.9889668099986,1
720,7454,9.040092817795888e-05,2020-02-19 08:07:44.975985,1.8893820099999998,0,2165.878348819999,1
721,3352,0.0023174981403624824,2020-02-19 08:11:59.671277,2.54695292,1,2168.4253017399988,1
722,4739,0.0002404713249535716,2020-02-19 08:19:23.322851,4.43651574,0,2172.8618174799985,1
723,2900,0.001321559632483546,2020-02-19 08:20:41.841489,0.78518638,0,2173.6470038599987,1
724,2800,0.000540135046890028,2020-02-19 08:26:47.811596,3.6597010699999997,0,2177.306704929999,1
725,3778,0.0007802887464114795,2020-02-19 08:31:40.244027,2.9243243100000003,0,2180.231029239999,0
726,3617,0.0009002791473234874,2020-02-19 08:38:08.375939,3.88131912,0,2184.112348359999,1
727,2821,5.9993400743836125e-05,2020-02-19 08:42:23.743984,2.55368045,0,2186.666028809999,0
728,2200,0.0,2020-02-19 08:45:22.042855,1.78298871,0,2188.449017519999,0
729,3600,0.0,2020-02-19 08:50:05.691957,2.8364910200000004,0,2191.285508539999,0
730,2800,0.001080497133754252,2020-02-19 08:59:30.744700,5.6505274299999995,0,2196.9360359699986,0
731,5316,0.0004203320685178175,2020-02-19 09:02:02.255859,1.5151115899999998,0,2198.4511475599984,1
732,2394,0.001080043306716672,2020-02-19 09:09:09.594648,4.27338789,0,2202.7245354499983,1
733,3992,0.0003597553702309923,2020-02-19 09:11:53.135887,1.63541239,0,2204.3599478399983,1
734,1900,0.0005396816009620234,2020-02-19 09:18:49.326134,4.16190247,0,2208.521850309998,0
735,3700,0.0002998590684858661,2020-02-19 09:20:29.973763,1.00647629,0,2209.5283265999983,1
736,4600,0.0004798176784912788,2020-02-19 09:27:04.627328,3.94653565,0,2213.4748622499983,0
737,4003,0.0009603265848169806,2020-02-19 09:33:39.819763,3.95192435,0,2217.426786599998,0
738,2491,0.0009011445144379526,2020-02-19 09:37:52.144769,2.52325006,0,2219.950036659998,0
739,5305,0.00018032639125588963,2020-02-19 09:41:01.840590,1.89695821,0,2221.846994869998,0
740,9919,0.00012023566204200497,2020-02-19 09:47:42.279555,4.00438965,0,2225.851384519998,0
741,4930,0.0007217177194248259,2020-02-19 09:50:33.954869,1.7167531399999998,0,2227.5681376599982,0
742,6318,6.01666616710883e-05,2020-02-19 09:57:03.798910,3.89844041,0,2231.4665780699984,0
743,6710,0.0008427135874631283,2020-02-19 10:02:37.303521,3.33504611,0,2234.8016241799983,0
744,1200,0.0004818696635827275,2020-02-19 10:06:48.212080,2.5090855899999998,0,2237.310709769998,0
745,3739,0.00270750142833327,2020-02-19 10:14:39.782724,4.71570644,1,2242.026416209998,1
746,6500,0.0013829181772873746,2020-02-19 10:18:35.521164,2.3573844,0,2244.3838006099977,0
747,3853,0.0,2020-02-19 10:24:11.984902,3.3646373799999996,0,2247.748437989998,0
748,6448,0.0004814636587948858,2020-02-19 10:27:06.426982,1.7444208,0,2249.492858789998,0
749,4899,0.0007221085883644042,2020-02-19 10:33:08.680948,3.6225396599999997,0,2253.115398449998,1
750,2400,0.0003008152114854454,2020-02-19 10:36:47.369976,2.18689028,0,2255.302288729998,0
751,5791,0.0012041665613037394,2020-02-19 10:43:10.553632,3.8318365599999997,0,2259.134125289998,0
752,2607,0.0006022645327792856,2020-02-19 10:45:11.836207,1.21282575,0,2260.3469510399977,1
753,3547,0.00012040939207820664,2020-02-19 10:52:28.921079,4.370848720000001,0,2264.717799759998,1
754,4431,0.00036114121013651343,2020-02-19 10:57:13.970513,2.85049434,0,2267.5682940999977,1
755,4700,0.000842865793427217,2020-02-19 11:00:01.296246,1.6732573300000002,0,2269.241551429998,0
756,9845,0.0005118246660679624,2020-02-19 11:07:01.124920,4.1982867399999995,0,2273.439838169998,1
757,8136,0.0009937814197794686,2020-02-19 11:14:33.532994,4.52408074,0,2277.963918909998,0
758,9857,0.0003616200617999001,2020-02-19 11:19:53.806255,3.20273261,0,2281.166651519998,0
759,4552,0.0014456962942037473,2020-02-19 11:23:39.270497,2.25464242,0,2283.421293939998,1
760,2832,0.0009024999860492526,2020-02-19 11:27:06.347408,2.07076911,0,2285.4920630499983,1
761,6411,0.0005411092872147017,2020-02-19 11:32:55.880964,3.4953355599999996,0,2288.9873986099983,1
762,4900,0.000661395568709523,2020-02-19 11:38:39.991455,3.4411049100000004,0,2292.4285035199982,0
763,7560,0.0006613955687095331,2020-02-19 11:40:16.821974,0.9683051899999999,0,2293.3968087099984,1
764,9707,0.00042083747276938296,2020-02-19 11:49:00.034484,5.232125099999999,0,2298.628933809998,0
765,8000,0.0009015778221518088,2020-02-19 11:54:46.587490,3.46553006,0,2302.0944638699984,1
766,4502,0.00036040365599151753,2020-02-19 11:58:01.095778,1.94508288,0,2304.0395467499984,1
767,7899,9.008062221773283e-05,2020-02-19 12:04:08.806526,3.67710748,0,2307.7166542299983,1
768,10626,0.000811017871827418,2020-02-19 12:09:16.809666,3.0800313999999998,0,2310.796685629998,0
769,11551,0.00126289219058042,2020-02-19 12:10:23.302829,0.66493163,0,2311.461617259998,0
770,5080,0.0009933925168585766,2020-02-19 12:19:17.242118,5.33939289,0,2316.801010149998,0
771,8015,0.00015060014184862768,2020-02-19 12:23:27.647013,2.50404895,0,2319.3050590999983,0
772,9944,0.0004820729228641241,2020-02-19 12:27:57.020797,2.69373784,0,2321.998796939998,0
773,9145,0.0009648435892920694,2020-02-19 12:33:39.792988,3.4277219100000003,0,2325.426518849998,0
774,17467,0.0004827711155259012,2020-02-19 12:39:13.864313,3.34071325,0,2328.767232099998,0
775,31862,0.0029015313833966974,2020-02-19 12:42:20.056753,1.8619244000000001,1,2330.6291564999983,0
776,53494,0.0012099947026525733,2020-02-19 12:48:13.023662,3.52966909,0,2334.1588255899983,1
777,89643,0.0041503263198292535,2020-02-19 12:52:54.303396,2.8127973400000004,1,2336.9716229299984,0
778,165639,0.0023347847899046446,2020-02-19 12:59:11.238260,3.76934864,1,2340.7409715699982,1
779,63485,0.0054214341954357355,2020-02-20 06:32:18.868864,3.07443492,1,2343.815406489998,0
780,26701,0.006426838326878608,2020-02-20 06:38:07.649463,3.48780599,1,2347.3032124799984,1
781,18754,0.005163414280106636,2020-02-20 06:42:23.458500,2.55809037,1,2349.8613028499985,0
782,18043,0.004936406454821944,2020-02-20 06:48:53.271455,3.8981295499999997,1,2353.7594323999983,0
783,11571,0.006891564593963679,2020-02-20 06:50:17.080994,0.83809539,1,2354.5975277899984,1
784,16267,0.0049652847054321055,2020-02-20 06:58:12.180634,4.7509964,1,2359.3485241899984,1
785,22077,0.0,2020-02-20 07:03:39.700381,3.27519747,0,2362.6237216599984,0
786,20684,0.002879861753718307,2020-02-20 07:08:11.621165,2.71920784,1,2365.3429294999983,1
787,26840,0.0023784200984827437,2020-02-20 07:12:21.015709,2.49394544,1,2367.8368749399983,0
788,30783,0.0003133715672287792,2020-02-20 07:18:27.492263,3.6647655400000003,0,2371.5016404799985,0
789,57955,0.003956918770235895,2020-02-20 07:21:57.999166,2.10506903,1,2373.6067095099984,0
790,28670,0.0008814456278057653,2020-02-20 07:28:15.002558,3.7700339200000004,0,2377.3767434299984,0
791,13171,0.003596785704376519,2020-02-20 07:31:58.670858,2.2366829999999998,1,2379.6134264299985,0
792,12932,0.002210085198521653,2020-02-20 07:39:43.077264,4.64406406,1,2384.2574904899984,1
793,16091,0.003348605245602141,2020-02-20 07:43:43.613790,2.40536526,1,2386.6628557499985,0
794,12151,0.0032963579769182557,2020-02-20 07:46:15.489872,1.51876082,1,2388.1816165699984,0
795,21401,0.0021612009429127312,2020-02-20 07:54:59.736530,5.24246658,1,2393.4240831499983,0
796,13658,0.0003817279598459479,2020-02-20 07:58:13.867961,1.9413143099999999,0,2395.3653974599983,1
797,16701,0.0019064571102213625,2020-02-20 08:01:26.605374,1.92737413,1,2397.292771589998,1
798,35545,0.006432938333436085,2020-02-20 08:09:18.877741,4.72272367,1,2402.0154952599983,0
799,24475,0.004354515077495833,2020-02-20 08:11:00.544900,1.01667159,1,2403.0321668499982,0
800,27825,0.0019914566694658273,2020-02-20 08:19:22.645188,5.02100288,1,2408.0531697299984,0
801,43456,0.0048991266685406935,2020-02-20 08:23:01.931052,2.19285864,1,2410.2460283699984,0
802,35761,0.0013238406221370716,2020-02-20 08:25:54.162210,1.72231158,0,2411.9683399499986,1
803,15329,0.013285239166782474,2020-02-20 08:33:57.167865,4.83005655,1,2416.7983964999985,0
804,10142,0.006843315395485349,2020-02-20 08:39:33.679877,3.3651201200000003,1,2420.1635166199985,1
805,9811,0.0010386913424113497,2020-02-20 08:41:38.534074,1.24854197,0,2421.4120585899987,1
806,18367,0.0027939331387362354,2020-02-20 08:46:37.104944,2.9857087,1,2424.3977672899987,0
807,27143,0.003572244243014959,2020-02-20 08:53:24.265482,4.071605379999999,1,2428.469372669999,1
808,13418,0.0016871070123320884,2020-02-20 08:55:40.322769,1.36057287,1,2429.829945539999,0
809,7293,0.0009746272822436626,2020-02-20 09:00:53.909286,3.13586517,0,2432.965810709999,0
810,10542,0.005214115964714931,2020-02-20 09:06:31.083025,3.3717373900000003,1,2436.337548099999,0
811,5100,0.0030014377223719435,2020-02-20 09:10:56.050786,2.64967761,1,2438.9872257099987,1
812,11746,0.0003258071901886919,2020-02-20 09:15:30.383801,2.74333015,0,2441.7305558599987,0
813,9538,0.005292919208097488,2020-02-20 09:23:43.863850,4.93480049,1,2446.6653563499985,0
814,10937,0.000786524258938254,2020-02-20 09:26:29.970835,1.66106985,0,2448.3264261999984,0
815,29120,0.0012465966250372678,2020-02-20 09:32:46.580324,3.7660948899999998,0,2452.0925210899986,0
816,26910,0.0014432856930373867,2020-02-20 09:38:38.309855,3.51729531,0,2455.6098163999986,1
817,12931,0.0032832126150445615,2020-02-20 09:44:09.751036,3.3144118099999997,1,2458.9242282099985,0
818,14269,0.0015797791595182796,2020-02-20 09:49:44.258186,3.3450715000000004,0,2462.2692997099984,0
819,11823,0.0013183917532583356,2020-02-20 09:54:17.756759,2.73498573,0,2465.0042854399985,0
820,17491,0.0007253305517302157,2020-02-20 09:58:58.842115,2.81085356,0,2467.8151389999985,1
821,15918,0.0028714312516162155,2020-02-20 10:00:19.999770,0.8115765500000001,1,2468.6267155499986,0
822,23731,0.005175807291905492,2020-02-20 10:05:13.708347,2.93708577,1,2471.5638013199987,1
823,23013,0.0036104677024927324,2020-02-20 10:12:38.652329,4.44943982,1,2476.0132411399986,1
824,11073,0.002099049639183938,2020-02-20 10:17:07.865168,2.6921283899999997,1,2478.7053695299987,0
825,24145,0.0005911524360141,2020-02-20 10:20:43.261339,2.15396171,0,2480.859331239999,0
826,16712,0.0011833542896908839,2020-02-20 10:26:11.996914,3.2873557499999997,0,2484.146686989999,0
827,12236,0.0028245822963693314,2020-02-20 10:32:13.748915,3.6175200100000002,1,2487.7642069999993,1
828,27685,0.0005901833018288257,2020-02-20 10:36:43.241334,2.69492419,0,2490.4591311899994,1
829,17030,0.00032783660917154835,2020-02-20 10:44:19.286425,4.56045091,0,2495.0195820999993,0
830,30834,0.00477577696175389,2020-02-20 10:45:46.859094,0.87572669,1,2495.8953087899995,1
831,20652,0.003973299478984858,2020-02-20 10:54:39.422443,5.32563349,1,2501.2209422799997,1
832,9513,0.0015589480260237776,2020-02-20 10:56:08.658885,0.8923644199999999,1,2502.1133066999996,1
833,11363,9.735360459418293e-05,2020-02-20 11:00:33.513907,2.64855022,0,2504.7618569199994,1
834,18564,0.00029200396035060854,2020-02-20 11:05:13.602997,2.8008909,0,2507.5627478199995,1
835,12473,0.0013615588708285429,2020-02-20 11:13:26.909070,4.93306073,0,2512.4958085499993,1
836,7733,0.0023352371795536137,2020-02-20 11:19:36.621908,3.6971283799999997,1,2516.192936929999,0
837,10773,0.0005843207437800774,2020-02-20 11:22:12.543052,1.55921144,0,2517.7521483699993,1
838,9000,6.490345613202595e-05,2020-02-20 11:27:23.144366,3.10601314,0,2520.8581615099993,1
839,9209,0.002139454282957347,2020-02-20 11:34:14.736934,4.11592568,1,2524.9740871899994,1
840,9407,0.0003237608083451057,2020-02-20 11:39:52.577136,3.37840202,0,2528.3524892099995,1
841,11781,0.0004532944872827074,2020-02-20 11:43:12.989801,2.00412665,0,2530.3566158599997,0
842,13767,0.0003885507107555436,2020-02-20 11:49:47.809597,3.94819796,0,2534.3048138199997,1
843,9120,0.002398471314775108,2020-02-20 11:52:26.721613,1.58912016,1,2535.89393398,0
844,8112,0.0031201273362437454,2020-02-20 11:59:08.965657,4.02244044,1,2539.91637442,0
845,9207,0.0005857659056489516,2020-02-20 12:02:41.863338,2.12897681,0,2542.04535123,1
846,7304,0.0009439029457300647,2020-02-20 12:08:19.250663,3.37387325,0,2545.41922448,0
847,8906,0.0020536230834057663,2020-02-20 12:12:38.726847,2.59476184,1,2548.01398632,0
848,12918,0.003973040690439517,2020-02-20 12:19:47.229017,4.2850217,1,2552.29900802,1
849,15930,0.001883300878103979,2020-02-20 12:21:28.600820,1.01371803,1,2553.31272605,1
850,24592,0.0025271356394521547,2020-02-20 12:29:45.056788,4.96455968,1,2558.27728573,1
851,25765,0.004197752297311865,2020-02-20 12:33:02.491714,1.9743492599999999,1,2560.25163499,1
852,25509,0.0025102191921540697,2020-02-20 12:35:59.787561,1.77295847,1,2562.0245934600002,1
853,20407,0.0027680342113067997,2020-02-20 12:41:47.584772,3.47797211,1,2565.50256557,0
854,64189,0.0005158295297817108,2020-02-20 12:49:37.061488,4.6947671600000005,0,2570.19733273,0
855,86336,0.001419904717712418,2020-02-20 12:51:33.873426,1.16811938,0,2571.36545211,0
856,208757,0.0016133719739829674,2020-02-20 12:56:50.748286,3.1687486000000002,1,2574.5342007100003,1
857,23911,0.009292652434197414,2020-02-21 06:34:02.803559,3.9233682900000004,1,2578.457569,0
858,24351,6.574838096975276e-05,2020-02-21 06:37:47.212294,2.24408735,0,2580.70165635,0
859,21648,0.0025675645297909356,2020-02-21 06:40:33.233592,1.66021298,1,2582.36186933,0
860,39282,0.007343974255758394,2020-02-21 06:48:49.196482,4.9596289,1,2587.32149823,0
861,12802,0.0017250535063419142,2020-02-21 06:54:35.938015,3.46741533,1,2590.7889135600003,1
862,14613,0.0005964412516523341,2020-02-21 06:59:51.733141,3.15795126,0,2593.9468648200004,1
863,16015,0.00365048691320069,2020-02-21 07:00:06.762326,0.15029185,1,2594.0971566700005,0
864,11909,0.00046534818855385664,2020-02-21 07:08:02.152431,4.75390105,0,2598.8510577200004,1
865,8622,0.001263592094440372,2020-02-21 07:13:53.295599,3.51143168,0,2602.3624894000004,0
866,10728,0.0012635920944404097,2020-02-21 07:18:33.995536,2.8069993699999998,0,2605.1694887700005,1
867,9041,0.0026549862934093543,2020-02-21 07:20:20.822521,1.0682698499999999,1,2606.2377586200005,1
868,12417,0.0017219687677693402,2020-02-21 07:29:52.566788,5.7174426700000005,1,2611.9552012900003,1
869,11745,0.004842303249732515,2020-02-21 07:32:28.783885,1.56217097,1,2613.5173722600002,0
870,18802,0.001730334519308146,2020-02-21 07:39:08.537044,3.99753159,1,2617.5149038500003,0
871,15258,0.0005996602105270276,2020-02-21 07:41:48.452746,1.59915702,0,2619.1140608700002,0
872,9472,0.002462973453435476,2020-02-21 07:47:57.334172,3.6888142599999996,1,2622.8028751300003,1
873,10290,0.002324269731812793,2020-02-21 07:52:36.591539,2.79257367,1,2625.5954488,1
874,6251,0.002523744449053853,2020-02-21 07:59:03.189047,3.86597508,1,2629.4614238800004,0
875,8382,0.0010634056565050213,2020-02-21 08:00:57.520858,1.14331811,0,2630.6047419900005,1
876,16419,0.0033269043926992935,2020-02-21 08:05:52.791059,2.95270201,1,2633.5574440000005,0
877,16189,0.00279534291838908,2020-02-21 08:10:44.607398,2.91816339,1,2636.4756073900003,1
878,10176,0.003195316258832282,2020-02-21 08:16:26.160503,3.4155310500000002,1,2639.8911384400003,0
879,8981,0.0009330223935768789,2020-02-21 08:20:59.672034,2.73511531,0,2642.62625375,1
880,10928,0.0005327650632142595,2020-02-21 08:29:39.758352,5.20086318,0,2647.82711693,1
881,11612,0.0011324652311122535,2020-02-21 08:34:45.352978,3.0559462600000002,0,2650.88306319,0
882,9194,0.0006000600240060485,2020-02-21 08:39:41.286942,2.95933964,0,2653.84240283,0
883,9364,0.0005670541688664777,2020-02-21 08:43:33.481319,2.32194377,0,2656.1643466,0
884,18154,0.0013021052538371028,2020-02-21 08:48:39.115593,3.05634274,0,2659.2206893400003,0
885,8403,0.0,2020-02-21 08:52:50.896030,2.51780437,0,2661.73849371,0
886,10750,0.00046783626584292234,2020-02-21 08:58:05.723993,3.14827963,0,2664.88677334,0
887,6483,0.00046783626584279603,2020-02-21 09:00:45.558712,1.5983471900000001,0,2666.48512053,1
888,9059,0.0007347293520918234,2020-02-21 09:06:25.142617,3.39583905,0,2669.8809595800003,1
889,7079,0.00020032720176505137,2020-02-21 09:13:04.361371,3.9921875399999998,0,2673.8731471200003,0
890,8450,0.0008010681336255334,2020-02-21 09:17:29.140835,2.6477946400000003,0,2676.5209417600004,1
891,7647,0.0013336891814179767,2020-02-21 09:23:14.428906,3.45288071,0,2679.9738224700004,1
892,9144,0.00019994001866067428,2020-02-21 09:28:15.026416,3.0059751,0,2682.9797975700003,0
893,5073,0.00019998000266624517,2020-02-21 09:30:07.393207,1.12366791,0,2684.1034654800005,0
894,5876,0.00033338890123772946,2020-02-21 09:39:45.342793,5.77949586,0,2689.8829613400007,0
895,5740,0.0007338470591848864,2020-02-21 09:42:01.550587,1.36207794,0,2691.2450392800006,0
896,5838,0.0011351875947774963,2020-02-21 09:45:54.180681,2.3263009400000003,0,2693.5713402200004,0
897,5105,0.0002672189206896776,2020-02-21 09:54:35.435070,5.212543889999999,0,2698.78388411,1
898,5275,0.0010014354744195487,2020-02-21 09:56:07.081410,0.9164633999999999,0,2699.70034751,1
899,7380,0.00020016680633957808,2020-02-21 10:02:13.027292,3.65945882,0,2703.35980633,1
900,6324,0.0005002417939606663,2020-02-21 10:07:47.865449,3.3483815700000004,0,2706.7081879,1
901,5459,0.0027711484605078152,2020-02-21 10:11:24.691177,2.16825728,1,2708.8764451800002,0
902,6415,0.0010025063496255707,2020-02-21 10:17:23.460570,3.58769393,0,2712.4641391100004,1
903,6254,0.0012031282782751231,2020-02-21 10:21:42.043107,2.5858253700000002,0,2715.04996448,0
904,10213,0.0006021073940056671,2020-02-21 10:25:08.533693,2.06490586,0,2717.1148703400004,0
905,6728,0.0018085004426817404,2020-02-21 10:30:45.523636,3.36989943,1,2720.48476977,0
906,4719,0.0015407807436057445,2020-02-21 10:36:38.688700,3.5316506399999996,0,2724.01642041,1
907,7256,0.0008705843509844886,2020-02-21 10:41:27.782026,2.8909332599999997,0,2726.9073536700002,0
908,10351,0.0016092265776597476,2020-02-21 10:49:51.808618,5.0402659199999995,0,2731.94761959,0
909,8781,0.0026878123962583364,2020-02-21 10:50:52.965165,0.61156547,1,2732.5591850600003,0
910,7231,0.0017478996046720995,2020-02-21 10:59:08.722159,4.95756994,1,2737.5167550000006,1
911,8468,0.001342462277062489,2020-02-21 11:04:08.308284,2.99586125,0,2740.5126162500005,1
912,7038,0.0024849739104654627,2020-02-21 11:06:03.300121,1.14991837,1,2741.6625346200003,0
913,8122,0.0019482052448668576,2020-02-21 11:10:50.854830,2.87554709,1,2744.5380817100004,1
914,5434,0.0044393696370471376,2020-02-21 11:15:13.040463,2.62185633,1,2747.1599380400003,0
915,6162,6.741042841867566e-05,2020-02-21 11:20:45.424569,3.32384106,0,2750.4837791000004,1
916,4475,0.002221998692220585,2020-02-21 11:27:08.882628,3.83458059,1,2754.3183596900003,1
917,4673,0.0006723593341438185,2020-02-21 11:31:20.223087,2.51340459,0,2756.8317642800002,1
918,9226,0.0005714766102248775,2020-02-21 11:36:58.066623,3.3784353599999997,0,2760.21019964,0
919,8010,0.003658520199986714,2020-02-21 11:42:21.749573,3.2368295000000002,1,2763.4470291400003,1
920,10095,0.00268384487453536,2020-02-21 11:47:14.743873,2.929943,1,2766.3769721400004,0
921,6212,0.0006716368040776602,2020-02-21 11:51:21.213338,2.46469465,0,2768.8416667900005,1
922,8036,0.0005372733507347665,2020-02-21 11:56:51.839293,3.3062595499999996,0,2772.1479263400006,0
923,14133,0.0004703510921588026,2020-02-21 12:01:08.425057,2.56585764,0,2774.7137839800007,0
924,10198,0.001479688190344479,2020-02-21 12:08:22.845117,4.3442006,0,2779.0579845800007,0
925,13387,0.0007401177797900341,2020-02-21 12:14:36.367715,3.73522598,0,2782.7932105600007,1
926,14712,0.0010093873876100793,2020-02-21 12:17:49.154644,1.9278692899999998,0,2784.721079850001,0
927,21175,0.0001346438671752792,2020-02-21 12:22:44.817816,2.95663172,0,2787.677711570001,1
928,30310,0.00047111082070646975,2020-02-21 12:25:15.441980,1.50624164,0,2789.183953210001,1
929,26020,0.0026950562061104225,2020-02-21 12:30:39.646691,3.2420471099999997,1,2792.426000320001,0
930,31554,0.0009440960981774483,2020-02-21 12:39:51.925576,5.5227888499999995,0,2797.948789170001,1
931,35111,0.001448128631334176,2020-02-21 12:41:43.576290,1.11650714,0,2799.065296310001,1
932,85835,0.005269617980743057,2020-02-21 12:46:36.521485,2.9294519500000002,1,2801.994748260001,1
933,160134,0.001205868706450014,2020-02-21 12:53:31.355489,4.14834004,0,2806.143088300001,0
934,208778,0.0010049915421600822,2020-02-21 12:59:40.137641,3.68782152,0,2809.830909820001,1
935,14000,0.0027872457498151876,2020-02-21 13:09:28.444683,5.88307042,1,2815.713980240001,1
936,70,2.136917656624705e-05,2020-02-21 13:44:49.515785,21.210711019999998,0,2836.924691260001,1
937,210,0.003417519215596492,2020-02-21 14:22:51.418189,22.81902404,1,2859.743715300001,0
938,140,7.303449274926128e-05,2020-02-21 15:51:42.252452,53.30834263,0,2913.052057930001,1
939,140,0.0,2020-02-21 16:00:19.862620,5.17610168,0,2918.228159610001,0
